<?xml version="1.0" encoding="ISO-8859-1"?>

<!DOCTYPE dialogueDoc SYSTEM "dialogueDoc.dtd" >

<?xml-stylesheet type="text/xsl" href="dialogueWebRender.xsl"?>


<dialogueDoc id="D3MWOMEN">
  <dialogueHeader>

    <filename>D3MWOMEN</filename>

    <identifier>3 MISC D3MWOMEN</identifier>

    <title>WOMEN WILL HAVE</title>

    <author>unknown</author>

    <subperiod>3: 1640-1679</subperiod>

    <speechPubDate>3: 1648</speechPubDate>

    <contemporaneity sourceDate="SAME">Source text dates from same year as the first printing / original speech event</contemporaneity>

    <textType typeCode="MISCELLANEOUS">Miscellaneous text types</textType>

    <textBibliography>
      <attribution type="AUTHOR">ANONYMOUS.</attribution>
      <frontMatter>WOMEN WILL HAVE THEIR WILL: OR, GIVE CHRISTMAS HIS DUE.
IN A DIALOUGE BETWEENE M=RIS= CUSTOME, A VICTUALLERS WIFE NEERE 
CRIPPLEGATE, AND M=RIS= NEW-COME, A CAPTAINS WIFE, LIVING IN 
REFORMATION-ALLEY, NEER DESTRUCTION-STREET.
(...)
LONDON: PRINTED BY E. P. FOR W. G. 
1648.
PP. 2.1 - 15.18
      </frontMatter>
    </textBibliography>
  </dialogueHeader>


  <dialogueText>
    <dialogue>

<comment type="compiler">THE SPEECH OF MISTRIS NEW-COME IS GIVEN IN BLACK LETTER, THAT OF 
MISTRIS CUSTOME IN PLAIN FONT. ONLY DEVIATIONS FROM THIS ARE CODED AS 
&quot;FONT OTHER THAN THE BASIC FONT&quot;.</comment>

<pagebreak id="2" />
</dialogue> <head>WOMEN WILL HAVE THEIR WILL:
<font>OR,
GIVE</font> CHRISTMAS HIS <font>DUE</font> .</head> 
   <nonSpeech> <font>Mistris New-come.</font> </nonSpeech><dialogue>
How doe you good Mistris <font>Custome</font> ? I
made bold to give you a visit, to see how
you doe.
   </dialogue><nonSpeech> <font>Mistris Custome.</font> </nonSpeech><dialogue> M. New-come, pray draw
neare and sit downe; come, you are heartily,
heartily welcome.
   </dialogue><nonSpeech> <font>M. New.</font> </nonSpeech><dialogue> I shall be a trouble to you, I see you 
are busie.
   </dialogue><nonSpeech> <font>M. Cust.</font> </nonSpeech><dialogue> No, no, not so busie, but I can spare so 
much time as to discourse with you a while; how 
doth your husband doe? what, is he at home? or 
where is his Rendezvouz?                                             
   </dialogue><nonSpeech> <font>M. New.</font> </nonSpeech><dialogue> I thank you Mistris <font>Custome</font> ; he is
not at home, nor is his Rendezvouz farre from
home; but what, have you a Feast here
suddenly, that you are so Decking, Adorning, &amp;
Trimming up your house with this fine Rosemary
and Bayes? I beleeve there is some such doings,
is there not?
   </dialogue><nonSpeech> <font>M. Cust.</font> </nonSpeech><dialogue> No truely, here is no Feasting, but
what doth fall out according to the Time.
   </dialogue><nonSpeech> <font>M. New.</font> </nonSpeech><dialogue> Time; pray now what Time?
<pagebreak id="3" />
   </dialogue><nonSpeech> <font>M. Cust.</font> </nonSpeech><dialogue> Why, <font>Christmas</font> , woman; have you
forgot it? Indeed these Wars and Jars would almost
make one forget their Christen name, if they were
not often called on, to put one in remembrance.
   </dialogue><nonSpeech> <font>M. New.</font> </nonSpeech><dialogue> Indeed <font>Christmas</font> can hardly be
beaten out of many folks heads, which is a very
strange thing.
   </dialogue><nonSpeech> <font>M. Cust.</font> </nonSpeech><dialogue> Not so strange as true, woman; I
should rather, and sooner forget my mother that
bare me, and the paps that gave me suck, then
forget this merry Time; nay, if thou hadst ever seen
the Mirth and Jolitie that we have had at those
Times when I was young, thou wouldst blesse thy
selfe to see it.
   </dialogue><nonSpeech> <font>M. New.</font> </nonSpeech><dialogue> Nay, undoubtedly I might very well
beleeve you without swearing; for surely, there
was then excessive Sports, Pastimes, &amp; Revels,
that it would make a bodies haire stand an end
to heare and see it.
   </dialogue><nonSpeech> <font>M. Cust.</font> </nonSpeech><dialogue> Didst thou never heare of my
Grand-father? why, he was second cousin to the Earle of
<font>Dum-belly</font> , Cup-bearer to <font>Bacchus</font> , Knight of the
Vapour, and Esquire of the Pipe; he was a great
Polititian, Monopolist, and Project-monger; 'tis
very strange you never heard of him.
   </dialogue><nonSpeech> <font>M. New.</font> </nonSpeech><dialogue> I have heard of the like, if not the
same; but what of him?
   </dialogue><nonSpeech> <font>M. Cust.</font> </nonSpeech><dialogue> What of him; nay, nothing of him,
but I say my Grand-father was his second cousin.
   </dialogue><nonSpeech> <font>M. New.</font> </nonSpeech><dialogue> Well, and what of that?
<pagebreak id="4" />
   </dialogue><nonSpeech> <font>M. Cust.</font> </nonSpeech><dialogue> What of that? Nay, by the masse, I
forgot where I was; this 'tis to have such a scurvy
head-piece, by Lady I know not what I was going
to say.
   </dialogue><nonSpeech> <font>M. New.</font> </nonSpeech><dialogue> It was about your Grand-father at
<font>Christmas</font> .
   </dialogue><nonSpeech> <font>M. Cust.</font> </nonSpeech><dialogue> O me, O me, 'tis true, 'tis true; I see you
keep your brains warmer then I doe, which makes
you so ripe-witted: but for feare I should forget
againe, Ile tell thee; my Grand-father kept a brave
house at <font>Christmas</font> , (it makes ones teeth dance in
ones head like Virginal-Jacks with the very
conceit on't) for according to his owne Verses:)
<comment type="compiler">VERSE OMITTED.</comment>
   This I say, the very conceit of this is enough to
make one chew the Cud; for my part, it makes
me methinks look two yeares younger then I did
before, every time I think on't; indeed they were
brave Times, pray God send us such again, and we
shall once more have a merry world.
<pagebreak id="5" />
   </dialogue><nonSpeech> <font>M. New.</font> </nonSpeech><dialogue> This was in the times of old, when
men wore trunck-Hose.
   </dialogue><nonSpeech> <font>M. Cust.</font> </nonSpeech><dialogue> Nay, by Lady (God forgive me for
swearing) it is not so long since; for my father
kept a brave house to at that Time, though he
pinched for it all the yeare after; he had all the
Varieties as the earth could afford, for Boyled,
Baked, and Roasted.
   </dialogue><nonSpeech> <font>M. New.</font> </nonSpeech><dialogue> I have seen but a little of this Sport,
yet of that little I have seen too much; for it
would make the stander by ashamed to see what
the feeder devoures, and what gods they make
of their bellies, that one would think that people
did take in twelve moneths Provision into their
panches, or that they did ballast their bellies for
a voyage to <font>Constantinople</font> , or to the <font>East-Indies</font> .
   </dialogue><nonSpeech> <font>M. Cust.</font> </nonSpeech><dialogue> Indeed all this as you speake is true;
for I think verily, if it were not for Dancing,
Frisking, Playing, Toying, Christmas-Gamboles <comment type="compiler">Christmas IN ITALICS 
IN SOURCE TEXT</comment> , and
such kind of jogging Exercises to shake it down,
it were impossible they should devoure so much
as they do. Then to see Cook hot and Cook cold,
Cook young and Cook old, Scullion &amp; Scullions
mate, all in a sweat, like so many Monarchs of the
Marrow-bones,Marquesses of the Mutton,
Princes of the Pyes and Pasties, Lords, High-Regents
of the Spits and Kittles, Barons of the Griddiron,
and so be Commanders of the Frying-pannes
during this Festivall. I say, to see them Act their
Tragi-comicall Feasts, would make a man or
<pagebreak id="6" />
womans stomacke elevate its selfe into another
temper.
   </dialogue><nonSpeech> <font>M. New.</font> </nonSpeech><dialogue> And all this hurly-burly is for no
other purpose but to stop the greedy mouth of this
<font>Leviathan</font> , or Land-whale, <font>Christmas</font> .
   </dialogue><nonSpeech> <font>M. Cust.</font> </nonSpeech><dialogue> Well, 'tis true; but now forsooth
<font>Christmas</font> must be cryed downe, <font>Reformation</font> must be
cryed up; if they were weighed in a ballance, then
I know <font>Christmas</font> would goe downe without
crying: but there are some now adayes, a Crew of
Tatter-demallians, amongst which the best could
scarce ever attain to a Calves-skin-Sute, or a piece
of Neck-Beefe and Carrets to dinner on a Sunday,
or scarcely ever mounted (before these times) to
any Office above the degree of Scavenger or
Tything-man at the farthest; and now forsooth these
Reformado's, upon pretence of Reformation,
shall destroy and overthrow the most Famous and
Commendable Customes of this Land; especially
for the observing and keeping of this Great Day:
what, are we forsooth wiser then our fathers, that
brought us up, and educated us in this Wisedom?
'Tis a strange thing to me; it can't be beaten
into my braines, that this can be just and honest.
   </dialogue><nonSpeech> <font>M. New.</font> </nonSpeech><dialogue> <font>M. Custome</font> , you were best to discourse
with some of these which thinke it not fitting to
keep that Time in such a Revelling way,
perhaps and no doubt but they will give you reasons
against it; &amp; I partly know you to be a rationall
woman, and that you will permit reason to bear
the sway.
<pagebreak id="7" />
   </dialogue><nonSpeech> <font>M. Cust.</font> </nonSpeech><dialogue> Reason, reason; as if any man could
shew a reason for not keeping of <font>Christmas</font> , you
spake as bad as blasphemie: <font>Christmas</font> , that hath
been a Custome ever since the world began, should
now with a puffe of reason, through the
Ramshorne of selfe-conceit, with the walls of <font>Jericho</font> ,
be layd flat to the ground.    
   </dialogue><nonSpeech> <font>M. New.</font> </nonSpeech><dialogue> Nay, <font>M. Custome</font> , although it is a
Custome very Ancient, yet it is not so old as the
world; there you are somewhat mistaken.
   </dialogue><nonSpeech> <font>M. Cust.</font> </nonSpeech><dialogue> As for the world, I doe not know its
age; but for <font>Christmas</font> , I am sure it was kept in my
Grand-fathers great Grand-fathers time, in my
Grand-fathers time, &amp; in my fathers time, &amp; none
of these did ever think it Superstition or Idolatry;
and for my part, I will keep it as long as I am able,
let all the powers on earth stand to oppose it.
<comment type="compiler">VERSE OMITTED.</comment>
   </dialogue><nonSpeech> <font>M. New.</font> </nonSpeech><dialogue> Then you are resolved.
   </dialogue><nonSpeech> <font>M. Cust.</font> </nonSpeech><dialogue> I am for that matter, come what will
come; ah now (methinkes) my braines are whet
upon the conceit on't; I could wish now at this
Time, that the Valiantest Champion of all the
<pagebreak id="8" />
Round-headed Disputants, to encounter with me
in this Argument: I tell thee, If I had the tongue
of <font>Hermes</font> , who (as my Husband saith) was
Prolocutor to the gods; or if I had as many fingers
as <font>Camaldus</font> , who was feigned to have an hundred
hands. If surging <font>Neptune</font> , was converted into
Inke, or the rugged-ragged-face of our antient
mother <font>Tellus</font> , were Paper, yet could not the
verball, volubilitie, or elocution of my voyce, nor the
agilitie, dexteritie, or facultie of my hands, nor the
spacious, unmesurable number-lesse, white
innocent Paper; no, none of all these could either speak,
write, or by any other meanes declare the
aboundance of Arguments, comprehended within the
notion of my braine for this unlimited Subject.
   </dialogue><nonSpeech> <font>M. New.</font> </nonSpeech><dialogue> For my part, your Eloquence is
too harsh for me.
   </dialogue><nonSpeech> <font>M. Cust.</font> </nonSpeech><dialogue> Oh, I have it by heart; I have heard
my Husband, when Gentlemen have been
drinking here at my house, rabble out aboundance of
this Fustian-stuffe, which gives them a great deale
of content, especially when they have almost seen
the Devill in a Prize Jerkin, and every thing look
with <font>Janus</font> faces.
   </dialogue><nonSpeech> <font>M. New.</font> </nonSpeech><dialogue> Then I perceive by you that you
cannot possibly be wrought on to leave this Old
Ceremony, your mind is so unchangeable.
   </dialogue><nonSpeech> <font>M. Cust.</font> </nonSpeech><dialogue> Unchangeable, can the Black-moore
change his skin, or the Sunne alter his continued
course? Yet sooner can these things be done then
<pagebreak id="9" />
my mind changed, for to keep old <font>Christmas</font> once
again.
   </dialogue><nonSpeech> <font>M. New.</font> </nonSpeech><dialogue> It is an old saying, and true, That
which is bred in the bone, will seldome or never
out of the flesh.
   </dialogue><nonSpeech> <font>M. Cust.</font> </nonSpeech><dialogue> Thou sayest true; My great
Grand-father, my Grand-father, my father, and now my
selfe, these nine and fortie yeares have kept this
Festivall Time, and this yeare above all the rest
ought to be kept, for it is the yeare of <font>Iubile</font> , as
the Bishop of <font>Armagh</font> said, when he preached
before the King; and I for my part am fourescore
and one yeares old: So that here is <font>Iubile</font> upon
<font>Iubile</font> , yeare-Iubile <comment type="compiler">Iubile IN ITALICS IN SOURCE TEXT</comment> for   
my birth, and the year
<font>Iubile</font> for my keeping <font>Christmas</font> : and therefore shall
not we be merry mine owne S. <font>Nichol.</font> a <font>Cod</font> ?
<font>We will be merry, let all say what they will,
As we have kept it, so wee'l keepe it still.</font>
   </dialogue><nonSpeech> <font>M. New.</font> </nonSpeech><dialogue> What, will you keepe it in spite of
Authoritie?
   </dialogue><nonSpeech> <font>M. Cust.</font> </nonSpeech><dialogue> What Authoritie? I am sure my
father and mother had the greatest authoritie over
me ever since I was borne, and other authoritie I
knew none before I was married, &amp; now it seems
I am under a crabbed Husbands authoritie, and
besides him I will be subject to none, and I am sure
he is as strong for <font>Christmas</font> as the greatest of our
Ancestours; and therefore that Authoritie will
not curb me.
   </dialogue><nonSpeech> <font>M. New.</font> </nonSpeech><dialogue> Then it seemes you know no other
authoritie?
<pagebreak id="10" />
   </dialogue><nonSpeech> <font>M. Cust.</font> </nonSpeech><dialogue> No by our Lady, not I: neither doe I
desire to know any, for he is crabbed enough of
any conscience; if I should tell you all, you would
say so too: therefore the Devill take all other
Authority, if it be no better then a dogged,
crosse-graine Devillish Husband.
   </dialogue><nonSpeech> <font>M. New.</font> </nonSpeech><dialogue> Why, then you count the
Parliament no Authoritie?
   </dialogue><nonSpeech> <font>M. Cust.</font> </nonSpeech><dialogue> I hope Gossip you are not come to pick
quarrells with me in my owne house?
   </dialogue><nonSpeech> <font>M. New.</font> </nonSpeech><dialogue> No truely <font>M. Custome</font> , not I, neither
would I have you to entertaine such a hard
conceit; for my part I was never so well read in
such Principles, nor ever took any degree at the
Universitie of <font>Billingsgate</font> .
   </dialogue><nonSpeech> <font>M. Cust.</font> </nonSpeech><dialogue> Perhaps you are of your mothers
tutor-age then, for I am sure she was an
Oyster-woman of that Colledge for one and twentie yeares,
to my owne knowledge; and had her tongue as
nimble as an <font>Italian</font> Mountebanck.
   </dialogue><nonSpeech> <font>M. New.</font> </nonSpeech><dialogue> What my mother was, is nothing to
me.
   </dialogue><nonSpeech> <font>M. Cust.</font> </nonSpeech><dialogue> But you are a Chip of the Old Block:
for what doe you mean, in telling me of the
Parliament?
   </dialogue><nonSpeech> <font>M. New.</font> </nonSpeech><dialogue> I meane the two Houses of
Parliament which have jumped together in one
Opinion, for the putting downe and destroying of this
<font>Romish</font> Beast <font>Christmas</font> ; for which, they are to
be commended.
<pagebreak id="11" />
   </dialogue><nonSpeech> <font>M. Cust.</font> </nonSpeech><dialogue> It is a strange thing; let the Devill
never so cunningly hide his head, we shall know
him by his Cloven foot; nor let the Asse never
so craftily hide his feet, yet we may know him by
his Eares: and howsoever covertly you have
carried your selfe, I know you, both by head &amp; heels:
I see you are one of the New Faction, and a great
Student in <font>Spittle-Colledge</font> ; but that is nothing
to me: yet what do you mean by Calling
<font>Christmas</font> a <font>Romish</font> Beast? pray explain your self at large.
   </dialogue><nonSpeech> <font>M. New.</font> </nonSpeech><dialogue> To leave all manner of
Circumstance, which is not pertinent to our Subject in
hand --
   </dialogue><nonSpeech> <font>M. Cust.</font> </nonSpeech><dialogue> By Lady neighbour, I think you are
one of these New Teachers, you handle your
matter so excellent; but I trouble you, pray proceed.
   </dialogue><nonSpeech> <font>M. New.</font> </nonSpeech><dialogue> The word ( <font>Christmas</font> ) if learnedly
weighed in it we shall find matter of dangerous
Consequence: As,
   1. If we consider what the word or name is,
<font>Christ</font> .
   2. If we consider who gave him this name.
   3. Where he was Christned, or had the name
given him.
   4. By what authoritie they gave him this name.
   Of which I shall proceed in order, according to
my weak abilitie: And first for the word;
<font>Christmas</font> is a word which deciphers a Scorpion, which
is a venomous Beast, which carries a sting at
his tayle, and so doth <font>Christmas</font> ; for the word
<pagebreak id="12" />
<font>Masse</font> is a sting in the tayle of that <font>Romish</font>
Beast: Secondly, we must consider who gave
him this name, &amp; that was his God-fathers and
God-mothers in Baptisme; from whense ariseth
this doubtfull question? who they were, and that
was Pope <font>Boniface</font> , Pope <font>Fireface</font> , and Pope
<font>Joane</font> ; but by reason of their non-residence here
in <font>England</font> , the Bishops took that office upon
them and stood as shitten Gossips: Thirdly, the
place where, this is by the learned held in great
Dispute, but I beleeve in his infancie he was
sickly; and therefore according to the Church
of <font>Englands</font> Tenets he was twice Christned,
that is to say, at home here in <font>England</font> and
afterwards confirmed at <font>Rome</font> , the Mother
Church of all such Antichristian Heresies: but I
shall be over-tedious, therefore I will come to
the fourth Deuision,and that is by what
authoritie they doe these things: this will take up a
great deale of time to open and explaine unto
you, if I would doe it to purpose; therefore I
will omit it, onely certifying you thus much, that
there is no power under the Sun that hath any
authoritie to erect or build up, neither to destroy
and pull down any thing, save what is in the will
of the two Houses of Parliament.
   </dialogue><nonSpeech> <font>M. Cust.</font> </nonSpeech><dialogue> That word waked me, indeed I was
almost asleep; what, you say that the Parliament
hath power to pull down <font>Christmas</font> ; I pray then
what will they put up in the roome on't,
<pagebreak id="13" />
Stage-Playes, Dancing upon the Ropes, &amp; <font>Hocus Pocus</font> .
   </dialogue><nonSpeech> <font>M. New.</font> </nonSpeech><dialogue> No, it shall be like other Times, not
one day higher or lower then another; for it is
not for us to stand upon Times and Seasons.
   </dialogue><nonSpeech> <font>M. Cust.</font> </nonSpeech><dialogue> Fie upon't, fie upon't, away with't, away
with't, I doe not know this Parliament, 'tis no kin
to me; If this is the Authoritie you talked of,
God deliver me from such Authoritie; this is
worser Authoritie then my Husbands, for though
my Husband beats me now and then, yet he gives
my belly full, and allowes me money in my purse;
which as I take it, the Parliament will not; for I
remember men come for money, money, and if I
aske them what it is, for they still keepe in one
tune like the Cockoe, and tell me it is for the
Parliament; God deliver me from those that will
neither let us eate our victualls and be merry,
though they don't pay for it; nor yet if they
could helpe it, leave us any money in our purses.
   </dialogue><nonSpeech> <font>M. New.</font> </nonSpeech><dialogue> Then you doe not regard these
Powers, let them say or doe what they will.
   </dialogue><nonSpeech> <font>M. Cust.</font> </nonSpeech><dialogue> No indeed, not <font>I</font> ; is it not fitting I
should do what I will with mine own? Cannot I
keep <font>Christmas</font> , eat good Chear, &amp; be Merry,
without I goe and get a Licence from the Parliament?
Marry gap, come up here, for my part Ile be
hanged by the neck first; must I be subject to them
I never saw in my life? No, no, neighbour, they
are mistaken in me; though they set up
Scare-Crowes to scare fooles withall, they shall not
fright me.
<pagebreak id="14" />
   </dialogue><nonSpeech> <font>M. New.</font> </nonSpeech><dialogue> Truely neighbour, if these Powers
and Authorities will not make you leave off this
Superstitious and Idolatrous Feasting, some
other sharper and more rigorous power must.
   </dialogue><nonSpeech> <font>M. Cust.</font> </nonSpeech><dialogue> Must, doe you say? How now, you
said you did not come to Scold, but I see you will
Scold before you goe: I see now by the Masse,
there is no making hony of a Dogs-turd; that
which is bred in the bone will never out of the
flesh; your mother I faith hath taught you your
lerry, almost as perfect as she hath it her selfe: must
make me?
   </dialogue><nonSpeech> <font>M. New.</font> </nonSpeech><dialogue> Yes, must make you: I do not goe to
eate my words <font>Gillian</font> ; what I have spoken Ile
speake againe, I have those which shall
maintaine me in it, I care not who knows it, and that
is the honest godly partie of the Armie, of which
societie my Husband is a member; therefore
take heed what you say.
   </dialogue><nonSpeech> <font>M. Cust.</font> </nonSpeech><dialogue> What have I to doe with the Army, I
have nothing to say to the Army.
   </dialogue><nonSpeech> <font>M. New.</font> </nonSpeech><dialogue> But the Armie hath something to
say to you then: for if no power will tame you,
they can and will tame you; were you as fierce
as a Lyon, they will new-mould you into better
breeding, and make you leave off your
Superstitious Feasting, and turne to Fasting, if you doe
not mend your manners.
   </dialogue><nonSpeech> <font>M. Cust.</font> </nonSpeech><dialogue> As for the Armie, no doubt but there
may be some honest men amongst them, but all
<pagebreak id="15" />
the world knowes what thy Husband was, a poore
man which ran out of his Countrey for debt, and
afterwards betooke himselfe to be Master <font>Percyes</font>
Groome, to rub his Horses heeles in <font>Drury-Lane</font> ;
And now such as he is, must come to tame those
which are ten times better then themselves; this
is a fine world indeed.
   </dialogue><nonSpeech> <font>M. New.</font> </nonSpeech><dialogue> Huswife, farewell; I have with
silence heard things of a dangerous Consequence
against the Parliament and Armie; therefore
looke to it, for you shall surely suffer for it; these
things cannot be let slip without severe
punishment, either with the deprivation of Life and
Libertie, or at least the losse of your Goods.
   </dialogue><nonSpeech> <font>M. Cust.</font> </nonSpeech><dialogue> Devill, doe thy worst; if they are
honest men they will not doe it: Yet all this
Chattring shall not put me off from keeping
<font>Christmas</font> .
<comment type="compiler">VERSE OMITTED.</comment>



</dialogue>
  </dialogueText>
</dialogueDoc>