<?xml version="1.0" encoding="ISO-8859-1"?>

<!DOCTYPE dialogueDoc SYSTEM "dialogueDoc.dtd" >

<?xml-stylesheet type="text/xsl" href="dialogueWebRender.xsl"?>


<dialogueDoc id="D3WBROOK">
  <dialogueHeader>

    <filename>D3WBROOK</filename>

    <identifier>3 WITNESS D D3WBROOK</identifier>

    <title>PAPISTS</title>

    <author>unknown</author>

    <subperiod>3: 1640-1679</subperiod>

    <speechPubDate>3: 1678/1679</speechPubDate>

    <contemporaneity sourceDate="SAME">Source text dates from same year as the first printing / original speech event</contemporaneity>

    <textType typeCode="WITNESS-DEPOSITION">Witness deposition</textType>

    <textBibliography>
      <attribution type="NULL"></attribution>
      <frontMatter>A TRUE NARRATIVE OF THE LATE DESIGN OF THE PAPISTS TO CHARGE
THEIR HORRID PLOT UPON THE PROTESTANTS. BY ENDEAVOURING TO CORRUPT
CAPTAIN BURY AND ALDERMAN BROOKS OF DUBLIN, AND TO TAKE OFF THE
EVIDENCE OF MR. OATS AND MR. BEDLOW, &amp;C. AS APPEARS BY THE DEPOSITIONS
TAKEN BEFORE THE RIGHT HONOURABLE SIR JOSEPH WILLIAMSON, KNIGHT, ONE
OF HIS MAJESTIES LATE PRINCIPAL SECRETARIES OF STATE; AND THE SEVERAL
EXAMINATIONS BEFORE SIR WILLIAM WALLER, KNIGHT, ONE OF HIS MAJESTIES
JUSTICES OF THE PEACE. 
PUBLISHED FOR GENERAL INFORMATION. 
LONDON: PRINTED FOR DORMAN NEWMAN AT THE KINGS ARMS IN THE POULTREY, 
1679.
PP. 1.1 - 10.38
      </frontMatter>
    </textBibliography>
  </dialogueHeader>


  <dialogueText>
    

<pagebreak id="1" />
 <head>THE
DEPOSITIONS
OF
CAPTAIN BURY.</head> <dialogue>

On the <font>11th</font> of this instant <font>January</font> , I received the
annexed Note from Mr. <font>James Nettervile</font> ; on the
<font>13th</font> I went to him; as soon as I came, he told me,
he had something to impart to me in private; we
went into a Room alone, and he asked me if I did not hear that
there were persons making inquiry to find out some that would
amuse those that had impeached the Lords, and those concerned
about the Plot. I told him I heard nothing of it. He told me
there were such, and that I should find the Game would turn
another way; and that I might do my self a kindness, if I pleased.
I told him my affairs called me for <font>Ireland</font> , that I must be gone
on the <font>Thursday</font> following. He told me it would be worth my
while to stay, and asked me if I could not prove that one
Mr. <font>Digby</font> had meetings with Mr. <font>Oates</font> , and Mr. <font>Bedlow</font> . I
told him no, for he knew there had been no great friendship of
late betwixt us (this I look't upon as an Introduction to the
design); but he came close to me, and told me, a person had been
with him concerning this matter, and that indeed they had a
jealousie of Mr. <font>Blood</font> ; and if I would discover any thing of
that nature against him, I should have 4 or 500 <font>l.</font> for my pains.
To this I seemed to hearken (but was much surprized at this
unexpected discourse), and did plainly see their design was to
turn the Game another way, as he said before. I did not
discourage him, but told him I would consider of it; and if I did
not go on <font>Thursday</font> , I would see him again; and that he knew
well I was very hard to believe this Plot; and then he told me
<pagebreak id="2" />
that he could bring a Prisoner in that place to drink a Pot of Ale
with me, that could give me an account what a Rogue Mr.
<font>Bedlow</font> was; but I being in haste, took my leave of him, he
injoyning me to secresie. At my return I could not meet with
Mr. <font>Blood</font> , but having some business with Sir <font>Ralph Dalaval</font> ,
and the Lady <font>Elizabeth</font> his Daughter, and being full with this
Devilish design, I told the story to them, and said, When I was
in <font>Ireland</font> , I should hear, and they should find that this was the
Game they intended to play, To turn the Plot from themselves,
and doubted not they would find some to carry it on.
   On the <font>14th</font> (in the morning) I went to Mr. <font>Bloods</font> house,
and acquainted him with it; he desired me to meet him in the
evening, because he desired to consider of it; but told me then,
he had no reason to slight it, because the morning before, a Knight
</dialogue><nonSpeech> (Sir <font>Thomas Lougvile</font> ) </nonSpeech><dialogue> had been with him, and told him there
was a design against him of the same kind, and desired him to
inquire after it.
   In the evening I met with Mr. <font>Blood</font> , who desired me to keep
my Correspondence with the said <font>Nettervile</font> , and to know of
him how I should be secured my payments, and what it was 
they would have me do.
   On the <font>16th</font> I went accordingly to him, and told him I had
considered of what we had discoursed before, and had stopt my
Journey as to that day; he was very glad to see me, and told
me, that the party </dialogue><nonSpeech> ( <font>Russel</font> ) </nonSpeech><dialogue> had been with him again      
about the
business, and I might get 500 <font>l.</font> without any prejudice to my
self; I told him that Money would do me a great kindness at
this time (for he knew I had waited a long time here, and
that it was very hard with me), therefore desired to know what
they would have me to do, and how I should be sure of the
500 <font>l.</font> for I expected it should be a person of good credit that
would lay down the 500 <font>l.</font> he told me I should not need to
question that, for they were of credit enough. But he that
came to him </dialogue><nonSpeech> ( <font>Russel</font> ) ,</nonSpeech><dialogue> was only imployed to pay the Money;
and if I shall tell him that you will do the business, you shall
be sure of the Money; not so, said I, First let me know what
it is distinctly, and how I shall be sure of the 500 <font>l.</font> or else I
will not stir a foot in it, but be gone on <font>Monday</font> . Saith he,
Would you have the Money before-hand? then it may be
you will not do it. No, said I, that I do not desire. But will
you deposite it in a third hand? Truly, said he, that is very fair,
and <font>I</font> doubt not but they will do it (for <font>I</font> told him none was
<pagebreak id="3" />
better able to carry it on than you; for Mr. <font>Bloods</font> Man was
formerly your Servant, and preferred by you to him), and told
me, that on <font>Saturday</font> , by two or three of the Clock, his friend
would be with him again; but that he would be shy of
discoursing with me; and desired that <font>I</font> would come to him
</dialogue><nonSpeech> ( <font>Russel</font> ) </nonSpeech><dialogue> on <font>Monday</font> , and then <font>I</font> should           
understand more. Upon
my return I acquainted Mr. <font>Blood</font> with the whole discourse, and
that I was to leave the Town on <font>Monday</font> , having stayed my
utmost time, because I had a Suit depending in Chancery, at
<font>Dublin</font> ; and that if I were not there the beginning of the       
<font>Term</font> ,
it would be great damage to me, because my absence would
be looked upon as a Contempt; but Mr. <font>Blood</font> requested
me to stay until he had acquainted His Majesty, or one of his
Secretaries with it, to know his pleasure as to my going, or
stay.

   </dialogue><nonSpeech>Sworn before me the <font>17th</font> of
<font>Jan.</font> 1678. <font>J. Williamson</font> .</nonSpeech> <nonSpeech> <font>John Bury.</font> </nonSpeech><dialogue>

<font>Saturday</font> the <font>18th</font> day of <font>January</font> , I was with <font>James    
Nettervile</font> 
in the Evening; he told me his friend </dialogue><nonSpeech> ( <font>Russel</font> ) </nonSpeech><dialogue> had left  
him
about half an hour before I came, and that he acquainted him
with what I propounded (to wit) that 500 <font>l.</font> should be
deposited in a third persons hand; and he told me his friend was
contented it should be so, and thought it but reasonable, and
therefore was willing to put it into a Goldsmiths hand. I asked
him if they had considered the method we should carry this on?
and whether they had drawn up the Heads of what I was to
swear? He told me, no; but his friend would be with him
again upon <font>Wednesday</font> , and that all things should be prepared
and ready for me by <font>Thursday</font> morning. I asked him if it would
be convenient for me to meet his friend? he told me not as yet,
for he was very wary, shy, and fearful of being betrayed. I told
him I thought my meeting with him was not material; only, said
I, let him be sure to secure the Money, and he needs not doubt
of effecting the business: But, said I, 500 <font>l.</font> is not all that I
expect from him for this service, that is but a melting Cash,
and I have a great charge, and a Wife and six Children, and
you know I have lyen a longer time waiting here, almost to
my utter ruin, and have been very hardly dealt with. Now,
if I accomplish this, I shall lose my interest in all other Parties,
and therefore expect he should make me a very good interest
<pagebreak id="4" />
with that Party. Never fear that, said he, you shall have
interest enough with them; and if we can but turn off this Plot,
there is no danger of effecting our business; for, saith he, the
King will believe nothing of it. Well, said I, I must trust to
you to make my interest; but I partly see how things are like to
go, and think it wisdom to come in with the beginning of the
Game. Saith he (Swearing by his Maker) Never fear, if we
turn off this Plot, we do our business, and you will be made for
ever. But, said I, Why will you defer this while <font>Wednesday</font> ?
That is a great while, and delays are not good. Said he, I did not
expect you till <font>Sunday</font> : But if <font>I</font> hear any thing in the mean
time, <font>I</font> will write to you, and it shall be left at Mr.           
<font>Brookes's</font>
Lodging. I hear, said I, the Parliament is Prorogued; and that
is true enough, said he; and till they meet again, we can
receive no great damage: But, said he, I hear the Apprentices are
ready to rise and pull down <font>Newgate</font> . Said I, then I suppose that
is, because the men </dialogue><nonSpeech> ( <font>Jesuits</font> ) </nonSpeech><dialogue> are not executed; What else,
said he? and that is our great danger, that the people should
run into a Rebellion before we accomplish our business: I asked
him if he had taken an Abstract, as he said he would, of what
that man in the Prison could Swear, to take off Mr. <font>Bedlow's</font>
Evidence; I have not yet, said he, but we are sure enough of 
him, and shall make <font>Bedlow</font> Rogue enough. Pray, said I, what
will he Swear? That the very morning the Proclamation came
forth concerning Sir <font>Edmondbury Godfrey</font> , Mr. <font>Bedlow</font> came to
his Chamber, and asked him if he had ever seen Sir 
<font>Edmondbury Godfrey</font> ; For, said he, if I knew what a like man he  
was, 
I could easily get 500 <font>l.</font> and however, I am resolved to hazard my 
Neck, but I will have it; and that he would have had this man
go with him to <font>Somersethouse</font> to see the Rooms, and promised
to get him Money, if he would go with him. But, said I,
Mr. <font>Nettervile</font> , it is said Mr. <font>Bedlow</font> was out of Town before
the Proclamation came out; that is not so, saith he, for this
mans Wife went into the Countrey with him. A great deal
of discourse more we had, all tending to the incouraging of me
to carry on this business, to turn this Plot to be a <font>Protestant    
Plot</font>
for the destruction of the <font>Papists</font> , and then I should be made
for ever. When I paid the Reckoning, and was coming away,
said he, you will always come to your charge, but I hope the
end will pay for all.
<pagebreak id="5" />
   On <font>Wednesday</font> the <font>22d</font> , at Night, I went to Mr.            
<font>Nettervile</font> ,
expecting to have the Moddel how they would have me Swear,
and in what Goldsmiths hand they would put the 500 <font>l.</font> But
as soon as ever I came to him, he told me that he had been put
into such a fright, that he was never in all his life before; for,
said he, Mr. <font>Oates</font> , Mr. <font>Bedlow</font> , Sir <font>William Waller</font> ,   
and another
Justice have been with me; they called for Irons, one would
have fifty pound weight, another would have an hundred pound
weight put upon me. At length Sir <font>William Waller</font> began to
examine me, and told me, he knew I could discover a great deal;
for I desired the rest might be put out of the room, and I
confest all to him and the other Justice, they both promising me
my pardon. Have you confest all, said I? how could I help
it, said he? I was never in such a fright in all my life; and they
promised me my pardon. What have you confest, said I? I have
told them, said he, That 500 <font>l.</font> was to be deposited in a
Goldsmiths hand, and that I had sent for a Gentleman, and treated
with him about it. Have you told them my name, said I? He
paused at that; No, said he; but I must tell them, but I
thought first to acquaint you with it. Then said I, it seems you
have left me in the lurch, and have made no provision for me;
therefore since it is so, you will give me leave to play my own
Game; and seeing you have confest, let us now play our Game
as well as we can on the other side, and be sure to be
ingenuous, and confess whatever we know. I will immediately to Sir
<font>Joseph Williamson</font> , and declare the whole Story. Pray do so,
saith he, neglect no time, but go this night. And so we parted.

   </dialogue><nonSpeech> <font>John Bury.</font> </nonSpeech>
<pagebreak id="6" />
 <head> <font>THE DEPOSITION OF ALDERMAN</font> BROOKS.</head> 

<nonSpeech>That</nonSpeech><dialogue> on or about the <font>23d</font> of <font>December</font> , 1678, I was
at the <font>Marshalseys</font> in <font>Southwark</font> , where was one <font>James
Nettervile</font> , a prisoner there for debt; who desired me to
do so much for him, as to carry a Note for a friend of his that
was a prisoner also, unto one <font>Pierce Butler</font> , that lived in
<font>Germanstreet</font> , near my Lodging; and said, If I would procure
any of his friends to come to his friend there, he would have
Money enough, whereof he should have a share; and also it
would be a great kindness to him; whereupon I told him I
would, provided he would write it quickly. Whereupon he
called forth his friend, and they two consulted together, and he
wrote two or three Lines, and gave them me for the said <font>Butler</font> .
But when <font>I</font> came to the place <font>I</font> was directed, they told
me he was gone out of Town in obedience to the Kings
Proclamation. And so <font>I</font> troubled my self no further, but put the
Note in my pocket: The next Morning he sent a Messenger
to me, to know what <font>I</font> had done in it; <font>I</font> desired him to tell  
the
said Mr. <font>Nettervile</font> , that the said Mr. <font>Butler</font> was gone out  
of
Town in Obedience to His Majesties Proclamation.
   About Ten days after <font>I</font> had occasion for some waste-paper;
and putting my hand in my pocket, <font>I</font> lit on this Note that <font>I</font> 
should have delivered to <font>Butler</font> , and opened it, and read it, and
found in it these words written, or to this effect.

<comment type="compiler">LETTER OMITTED.</comment>

   This run in my mind, till about the <font>5th</font> instant at night;
and then being at Mr. <font>Proctors</font> Coffee-house at <font>Charingcross</font> ,
<font>I</font> there met with a paper, intituled, Mr. <font>Praunces Discovery of
the Plot, and of Sir</font> Edmondbury Godfreys <font>Murtherers</font> ;
wherein (amongst other things) there was mentioned two <font>Irish</font>     
Priests
to be guilty, the one named <font>Gerrald</font> , and the other <font>Kelly</font> ;
<pagebreak id="7" />
whereupon it came into my mind, that the Man that <font>I</font> carried
the Note for into <font>Germanstreet</font> , must be the same <font>Kelly</font> ,
because by that Note he was committed by the name of <font>Edmunds</font> ,
and his name was <font>Kelly</font> .
   The next morning being the 16 of this instant <font>January</font>
(thinking to have found the same <font>Kelly</font> there), <font>I</font> came there; 
and
coming to the aforesaid <font>Nettervile</font> , and after some secret       
discourse, I
asked him how his friend did that <font>I</font> carried the Note for? he
told me he procured Bail. Then <font>I</font> asked him what he was? he
told me that he was a <font>Priest</font> , and one of those that <font>Oats</font>    
(that
Rogue) had impeached. <font>I</font> asked him how he could get Bail,
being a <font>Priest</font> ? he told me, they did not know that he was a
<font>Priest</font> ; and those that were his Bail, would be Bail for any for
money; and he gave them Ten Shillings a piece, and the
fellow that procured them Five Shillings; and he got them the
Copy of his Commitment for them to move by; and the <font>Priest</font>
promised him, the said <font>Nettervile</font> , seven pounds. But he had
not left it him as yet, and so we left this discourse, and came
to other.
   </dialogue><nonSpeech>That</nonSpeech><dialogue> he having sent by me a Letter, and a Petition to
Mrs. <font>Eleanor Wall</font> , a Gentlewoman that belongs to the Dutchess
of <font>Portsmouth</font> (whom he calls Cozen), whereby to get him
some money for his present supply: but <font>I</font> having no
opportunity to meet with her, could give him no account of that
matter; whereupon he said, that he was in such want, that if
he had not help speedily, he should be turned into the
Common-side: <font>I</font> told him that money was so scarce with me, that
<font>I</font> could not lend him any; but if <font>I</font> could, <font>I</font> would.
Whereupon he called me aside into the corner of the Yard, by the
Gate, and told me, That if <font>I</font> would be rul'd by him, he would
put me into a way whereby we should have money enough. <font>I</font>
asked him how? he told me, if <font>I</font> would but joyn and assist to
villify the evidence of <font>Oats</font> and <font>Bedlow</font> , those two Rogues;
whereupon <font>I</font> laughed at him, and said, It is impossible; their
evidence was grounded upon too good a foundation: he told
me <font>I</font> was mistaken, and <font>I</font> should hear otherwise in a little
while.
   Upon the <font>17th</font> of <font>January</font> <font>I</font> went again to him, thinking
to have gained something of him, what was become of this
<font>Priest</font> , but could not; and was taking my leave of him,
saying, <font>I</font> must go home, for <font>I</font> had some business to write for
<font>Ireland</font> , to send by Captain <font>Bury</font> , who was to go on         
<font>Monday</font> ; he
<pagebreak id="8" />
told me, he believed he should stop Captain <font>Burys</font> Journey; I
told him <font>I</font> hoped not so; he answered, it should not be to his
prejudice. To which <font>I</font> answered, why then with all my heart,
for <font>I</font> would not be against any thing that should be for his good.
And so there came in one <font>Russel</font> an <font>Irish-man</font> <comment type="compiler">NO ITALICS    
FOR man IN SOURCE TEXT</comment> , that had some
business with him. And so we parted.
   </dialogue><nonSpeech> <font>William Brooks.</font> </nonSpeech>

 <head> <font>THE SECOND INFORMATION OF MR.</font> BROOKS.</head> <dialogue>

I being with Mr. <font>Nettervile</font> at the <font>Marshalsea</font> in             
<font>Southwark</font> , Mr.
<font>Nettervile</font> desired me I would do him the kindness as to
carry another Letter for his Friend to one Capt. <font>Kelly</font> , who had 
three
or four Employments in the <font>Tower</font> of <font>London</font> . I told him I    
would
if it was any kindness to him. So <font>Nettervile</font> with <font>Dominick
Kelly</font> went together, and wrote a Letter to this Capt. <font>Kelly</font> of
the <font>Tower</font> ; the Contents were much the same with that I carried
to <font>Pierce Butler</font> . I carried it to the <font>Tower</font> , and Capt.     
<font>Kelly</font> was
not at home; so I delivered it to his Wife. As soon as she read
it, the tears were in her eyes; she struck her hand on her breast,
saying, <font>Alas poor man, is he taken? I was in hopes he had been
safe, of all the rest</font> . She thankt me very kindly, and told me, as
soon as her Husband came home, she would give it him. When
I went to Mr. <font>Nettervile</font> again, he thankt me for carrying the
Letter for his Friend <font>Dominick Kelly</font> to the <font>Tower</font> ; and told 
me
Capt. <font>Kelly</font> had been with them, and treated them very civilly
with wine and meat, and had spent five shillings upon them. I
asked <font>Nettervile</font> what Capt. <font>Kelly</font> was? He told me he was a
true <font>Irish</font> man. I asked him if he was a Papist. He hath taken
the Oaths, said he; but he is a well-wisher to us. On <font>Thursday</font>
the 16 of <font>January</font> , <font>Nettervile</font> desired me to carry a Letter  
from
himself to Capt. <font>Kelly</font> , which Letter signified to him that his
Friend <font>Dominick Kelly</font> was gone, and how that he had
promised him 7 <font>l.</font> to discharge himself out of the prison, but    
had not
yet been so good as his word; therefore desired that he would
take some speedy course that he may have the 7 <font>l.</font> to discharge
himself out of prison. This Letter I delivered to Capt. <font>Kelly's</font>
own hand in the <font>Tower</font> . He read it, and told me he was very
glad his Friend was out; but that he had never seen him since;
pray, says he, remember me kindly to <font>Mr. Nettervile</font> , and tell
him, For his kindness to my Friend, I will do him all the
service I can.
<pagebreak id="9" />
   Upon the <font>28th</font> of <font>January</font> I was desired by Sir <font>Joseph
Williamson</font> , to go to Mr. <font>Nettervile</font> , to try what more I      
could get
out of him. On the <font>30th</font> I went to him, and told him,
that I had met with Sir <font>Joseph Williamson</font> ; and he seemed to
be angry, and thought we had not discovered all we knew.
And I told <font>Nettervile</font> , that although he had promise of his
pardon, yet it was expected he should do more for it than
he had done: As for my part, said I, you know I could
discover nothing, but what discourse passed betwixt you and I,
and that I have done to the full. Therefore, if you know
any more, I would advise you to discover it; for since you
have gone thus far, <font>I</font> think you ought not to conceal any
thing of what you know more. The Grand thing I perceive
they desire of you, and that which I think is all they can
expect from you, is, That you would declare from whom the
500 <font>l.</font> was to come. He thankt me for my advice, and told
me, that he believed Sir <font>Joseph Williamson</font> had not perused
all his Examinations, for he had Answered all the Questions
they had asked him. And if they had any thing more to ask
him, he would Answer them.
   Upon <font>Friday</font> the <font>31th</font> of <font>January</font> , I acquainted Sir    
<font>Joseph
Williamson</font> with what he said; he ordered him to be brought to
the Council on <font>Saturday</font> morning, where I met him at the door,
before he was call'd; I told him, I supposed the chief Question
that would be put to him, would be, Whose this 500 <font>l.</font> was?
and begged of him that he would discover what he knew of it.
Upon his coming out from the Council, I asked him if that was
not the question they put to him? he told me it was: I asked
him what account he had given them? he told me he thought
they were satisfied, for they were very kind to him, and promised
him, that so long as they lived, he should have the protection of
that Board.
   On <font>Tuesday</font> , the <font>4th</font> of <font>February</font> following, Sir       
<font>Joseph
Williamson</font> seeing me at the Council-door, called me in, and asked
me if I thought I could get any more out of <font>Nettervile</font> ? I told
him I thought he had given him satisfaction when he was before
them, concerning whose the money was. I told Sir <font>Joseph</font> the
discourse I had with <font>Nettervile</font> at his going into the House, and 
at
his coming back; then he told me, that he had not been
ingenuous with them, for he would confess nothing at first; but after
some Questions being asked in general terms, he told them that
it was to come from some of the Lords in the Tower; and
<pagebreak id="10" />
desired me that I would go once more to see if I could get any thing
from him.
   The next morning the Earl of <font>Essex</font> desired to speak with me;
I waited upon him at the Council-Chamber; and he desired me
also, that I would go to Mr. <font>Nettervile</font> to see what I could get
further from him.
   So on <font>Thursday</font> the <font>6th</font> of <font>February</font> , I did go to Mr.
<font>Nettervile</font> , and told him I was not come on a bare visit; but I  
was
commanded by the Earl of <font>Essex</font> , and Sir <font>Joseph Williamson</font>   
(whom
he knew had both been very kind to him) to advise him, that
he would be ingenuous, and discover what further he knew in
this business. Truly, said I, I suppose all they do expect from
you, is, that you would make some clear discovery unto them
whose money this 500 <font>l.</font> was; saith he (Swearing by his Soul)
<font>I</font> did tell them all I knew, <font>I</font> thought they had been          
satisfied; no,
said <font>I</font> , they are not; and Sir <font>Joseph Williamson</font> saith, you  
were
not ingenuous; for you only in general terms told them it was
some of the Lords money in the Tower. Now if you can
remember which of the Lords money it was, it may satisfie them; for
they judg, and so do <font>I</font> , and every one else, that <font>Russel</font> would
as easily tell you whose it was, as to tell you it was some of the
Lords in the Tower. I could get no more from him a great while;
but after we had sate and discoursed some time, he told me that
<font>Brewer</font> was to be before the Council the next day, and he
believed he should be sent for too; I suppose not, said <font>I</font> ,      
unless I
have some better account to give them from you: so just upon
my coming away I told him; Mr. <font>Nettervile</font> , I am sorry I can give
no better account of my Journey to you; therefore pray, if you
have any thing more to say, let me know it before I go. After he
had paused a while, By my Soul, said he; I cannot
remember the particular name of any Lord but one. Who is that,
said I? my Lord <font>Stafford</font> , saith he; but all the rest were to
contribute to it; for <font>Russel</font> told me he was to go immediately to 
the
Tower, to get the Money raised; and that it was a difficult thing
to get all the Lords together; and if he should go to them
apart, they might make scruples, and so delay the business;
and therefore he should make all the haste he could to get
the Money ready.



</dialogue>
  </dialogueText>
</dialogueDoc>