<?xml version="1.0" encoding="ISO-8859-1"?>

<!DOCTYPE dialogueDoc SYSTEM "dialogueDoc.dtd" >

<?xml-stylesheet type="text/xsl" href="dialogueWebRender.xsl"?>


<dialogueDoc id="D3WMOSEL">
  <dialogueHeader>

    <filename>D3WMOSEL</filename>

    <identifier>3 WITNESS D D3WMOSEL</identifier>

    <title>EDWARD MOSELY</title>

    <author>unknown</author>

    <subperiod>3: 1640-1679</subperiod>

    <speechPubDate>3: 1647</speechPubDate>

    <contemporaneity sourceDate="SAME">Source text dates from same year as the first printing / original speech event</contemporaneity>

    <textType typeCode="WITNESS-DEPOSITION">Witness deposition</textType>

    <textBibliography>
      <attribution type="NULL"></attribution>
      <frontMatter>THE ARRAIGNMENT AND ACQUITTALL OF SR. EDWARD MOSELY BARONET,
INDITED AT THE KINGS BENCH BAR FOR A RAPE, UPON THE BODY OF MISTRIS 
ANNE SWINNERTON. IANUARY 28, 1647. 
TAKEN BY A REPORTER THERE PRESENT, WHO HEARD ALL THE CIRCUMSTANCES
THEREOF, WHEREOF THIS IS A TRUE COPY.
LONDON, PRINTED BY E. G. FOR W. L. 
1647.
PP. 1.1 - 12.14
      </frontMatter>
    </textBibliography>
  </dialogueHeader>


  <dialogueText>
    

<pagebreak id="1" />
 <head>THIS TRIALL WAS TAKEN THE 28 DAY
OF <font>JANUARY</font> , IN THE 23 YEER OF KING
CHARLES,
AN. DOM. 1647.</head> 

<nonSpeech>Sir <font>Edward Mosely</font> Barronet
endited for Felony and Rape,
upon the Body of one <font>Anne
Swinnerton</font> , (Wife to one Mr.
<font>Swinnerton</font> a Gentleman of
<font>Grays</font> Inne) This triall was
taken the 28=th= day of <font>January</font> , in the 23 yeare
of King <font>Charles, An. Dom.</font> 1647. Before Mr. Justice
<font>Bacon</font> and Master Justice <font>Rolls</font> in <font>Hillary</font> Terme
<font> <foreign>Banco Regis</foreign> </font> .</nonSpeech>
   <nonSpeech>First, Sir <font>Edward Mosely</font> appear'd at the Bar
and pleaded not guilty; Then Master
<font>Swinnerton</font> and his Wife appear'd to give
evidence, Then the Court demanded of Master
<pagebreak id="2" />
<font>Swinnerton</font> what councell hee had ready to open
the Inditement, Master <font>Swinnerton</font> answered,
that there had been such tampering with him
and his witnesses to stop the prosecution, That
he could get no Lawyers to open his Wifes case.
The Court asked him whether he had spoken
with any Lawyers to be of his councell, Hee
said hee had, but none would undertake it,
onely Master <font>Cooke</font> had promised him that he
would open the Inditement for him, but hee
appeares not, So that by the tampering of
Sir <font>Edward Mosely</font> , Master <font>Lowder</font> , Master <font>Ia. 
Win-Stanly</font> , Master <font>Blore</font> , and Master
<font>Brownell</font> and twenty more, none would assist him
in the maintaining of the Inditement. These
Gentlemen before named appeared in Court,
and did not deny, but that they did use what
meanes they could (in a faire way) to put
up the businesse, betwixt Sir <font>Edward Mosely</font>
and Mistris <font>Swinnerton</font> , which they conceived
they might lawfully doe, believeing it could
not possibly be a Rape, having had
intelligence of some former passages in it; Then the
Court said,</nonSpeech><dialogue> Master <font>Swinnerton</font> if you had
desired councell, the Court would have assigned
you councell. </dialogue><nonSpeech>Then Master <font>Swinnerton</font>
proceeded with his evidence (saying) </nonSpeech><dialogue> comming
home to my Chamber, about six of the
clock in <font>April</font> 1647. I found Sir <font>Edward
Mosely</font> came rushing out of my Chamber, and I
<pagebreak id="3" />
entring saw my Wife throwne upon the ground;
with all her cloathes torne, the Bed-cloathes
torne and hanging halfe way upon the ground,
my Wife crying and wringing her hands,
with her clothes all torne off her head, her
wrist sprained, Sir <font>Edward Mosely</font> having
throwne her violently upon the ground,
whereupon (seeing her in this condition) I asked
her what was the matter, shee said Sir
<font>Edward Mosely</font> had Ravisht her, </dialogue><nonSpeech>Master
<font>Swinnerton</font> further enformed the Court, That</nonSpeech><dialogue> Sir
<font>Edward Mosely</font> two or three dayes before he
did the Rape, sayd that he would ravish my
Wife though hee were sure to be hang'd for
it, </dialogue><nonSpeech>Then Mistris <font>Swinnerton</font> began her
evidence, saying,</nonSpeech><dialogue> upon my Oath here I sweare,
That hee sayd hee would force mee to my
Bed, and then hee swore God damme him,
Hee would lie with mee though hee were
sure to die for it, Then hee takes mee and
carries mee to a narrow place, betwixt the
wall of the Bed, and with his hands forst
my hands behinde mee, and lay with mee
whether I would or no, </dialogue><nonSpeech>Then Sir <font>Edward
Mosely</font> interrupted her, saying,</nonSpeech><dialogue> did not your
Husband come to the Chamber doore at that
time you pretended you were Ravisht, and
knockt at the Doore, and I would have
opened the Doore for him, whereupon you
sayd it is my Husband; Let the drunken sot
<pagebreak id="4" />
stay without, and would not suffer mee to
open the Doore, </dialogue><nonSpeech>and asked her whether shee
did not say so, shee sayd it was false, Then
the Court demanded of Master <font>Swinnerton</font>
what hee said to his Wife when hee found
her in this manner, Master <font>Swinnerton</font>
answered,</nonSpeech><dialogue> I sayd that if shee were ravisht as
shee sayd shee was, shee must take her Oath
of it, and indite him for it, </dialogue><nonSpeech>and if shee did
not hee would believe, that shee had playd
the Whore with him, and hee would turne
her off, and live no more with her, and
shee should be Sir <font>Edward Moselies</font> Whore
altogether,</nonSpeech><dialogue> but </dialogue><nonSpeech> (sayd hee) </nonSpeech><dialogue> being desirous
to be further satisfyed in the businesse I
often sought for Sir <font>Edward Mosely</font> , but could
not finde him, for he had fled away from his
Chamber.
   One day I met him accidentally in Holborne,
and desired to speake a word with him, he said
he knew my businesse, but he was in hast and
could not stay; Then I told him I had earnest
businesse with him, and I must speake with him,
he told me he suspected I had some designe to
arrest him, and would not be perswaded to stay,
then I prest him that if he would goe and drink
a cup of Ale with me, he should come in no 
danger concerning any arrest at all; and if he
then would give me satisfaction, I would not
prosecute the Law against him: </dialogue><nonSpeech>The Court
<pagebreak id="5" />
demanded of him what he meant by satisfaction,</nonSpeech>
   <nonSpeech>Master <font>Swinnerton</font> answered,</nonSpeech><dialogue> onely to know
what he could say to excuse himselfe, </dialogue><nonSpeech>the Court
said,</nonSpeech><dialogue> why, would you believe him before your
Wife? </dialogue><nonSpeech>Master <font>Swinnerton</font> answered,</nonSpeech><dialogue> my
meaning was, if he could satisfie me that my Wife
was consenting to it, I had rather wave the
prosecution, then bring my Wife and my selfe
upon the Stage, and this was my intent and no
other.
   </dialogue><nonSpeech>Then the Court asked Sir <font>Edward Moseley</font> how
Master <font>Swinnertons</font> Wife came to be so with
her cloathes torne and rufled in this manner
(none but hee and she being in the Roome) Sir
<font>Edward Moseley</font> answered, she alwayes went
very ill favourdly in her apparrell: Then the
Court asked Mistris <font>Swinnerton</font> whether there
were any in the roome but Sir <font>Edward</font> and her
selfe, She answered,</nonSpeech><dialogue> a little before there was
my Maide, but I had sent her to the Bakers
house for bread for my Children, and in the
meane while he lay with me against my will.
   </dialogue><nonSpeech>Then the Court asked the Maide what shee
could say, she said,</nonSpeech><dialogue> when I came from the
Bakers, and entring into the chamber, I found
my Mistris crying, and wringing her hands,
saying she was undone; Also I heard Sir
<font>Edward Moseley</font> say, before I went to the Bakers,
that he would lie with my Mistris though he
were sure to be hang'd for it, and at all times
<pagebreak id="6" />
hee was wont to bee very uncivill and rude
when hee came into the Chamber, once hee
came into the Chamber when I was there
alone, truly I durst not stay in the
Chamber, for I alwayes observed, Hee was so
lecherously given that any Woman were shee
never so meane would serve his turne; At
this time hee came into the Chamber a little
before I went to the Bakers, I observed
hee would faine have throwne my Mistris
upon the Bed when I was there, but my
Mistris would not yeeld to it, but grew
very angry with him, and said hee was a rogue,
and spit in his face, yet hee would not let
her alone, whereupon I told him, if hee
would not be more civill, I would call my
Master, and if hee came hee would crack his
crowne for using my Mistris so uncivilly, Sir
<font>Edward Mosely</font> answered hee cared not a
fart for my Master, and that for mee I was
a base Jade, and hee would make mee kisse
his, &amp;c. </dialogue><nonSpeech>what said the Court, but the Maid
having some modesty could not bring it out,
then said her Mistris,</nonSpeech><dialogue> he said she should kisse
something that was about him, what was that
</dialogue><nonSpeech>said the Court againe, Master <font>Swinnerton</font>
answered,</nonSpeech><dialogue> he said he would make her kisse his
Arse, </dialogue><nonSpeech>then the Court said to the Maide,</nonSpeech><dialogue> you
must not be so nice in speaking of the truth,
being upon your Oath, </dialogue><nonSpeech>Mistris <font>Swinnerton</font> said</nonSpeech><dialogue>
<pagebreak id="7" />
then came Master <font>Ja. Winstanley</font> to tamper
with me from Sir <font>Edward Moseley</font> , and told me
if I pleas'd to accept a hundred pounds, I
should have it, if I would be reconciled to
Sir <font>Edward Moseley</font> ; </dialogue><nonSpeech>Then the Maide said,</nonSpeech><dialogue>
my Mistris made this answer, shee cared not
for Money: </dialogue><nonSpeech>Mistris <font>Swinnerton</font> said,</nonSpeech><dialogue> it is true
I said so; and this I said, If Sir <font>Edward
Moseley</font> would downe upon his knees and
confesse that he had wronged me, I would not
prosecute him; But also I resolved that he should
weare a Paper upon his Breast, or upon his
Hatt, acknowledging the injury hee had done
unto mee: if hee would doe so I would
forgive him. </dialogue><nonSpeech>Then said shee,</nonSpeech><dialogue> Master <font>Ia.
Winstanley</font> desired to know where the place was
in the roome where I was ravisht;
whereupon I shewed him. Master <font>Ia. Winstanley</font>
answered, this was such a place for such a 
businesse, that if I had the strongest woman
in England, I could ravish her here whether
she would or no.
   </dialogue><nonSpeech>Then the Prosecutors for the King having
ended their evidence: The Court asked Sir
<font>Edward Moseley</font> what hee could say for
himselfe; He said, hee had many witnesses, and
desired that they might bee examined what
they could say in his behalfe.</nonSpeech>
   <nonSpeech>Then Master <font>Kilvert</font> was called in, who
appeared; The Court said,</nonSpeech><dialogue> Master <font>Kilvert</font>
<pagebreak id="8" />
though you bee not upon your Oath, you
must speake the truth in the feare of God,
</dialogue><nonSpeech>Master <font>Kilvert</font> answered,</nonSpeech><dialogue> I know it my Lord;
what I shall say here, I speake it in the
presence of God, and I shall speake no more
then what is truth: </dialogue><nonSpeech>Mistris <font>Swinnerton</font>
seeing of him, said</nonSpeech><dialogue> I hope no body will believe
what this Knave <font>Kilvert</font> will say, for he is
a Knave knowne to all the Court, and all
that heare him. </dialogue><nonSpeech>Then Master <font>Kilvert</font> went
on with his evidence, saying,</nonSpeech><dialogue> I thanke God
this is the second time I ever came in this
womans company; the first time was at the
Fleece Taverne in Covent-Garden, where
shee came to a Dinner to meete with Sir
<font>Edward Moseley</font> : As soone as shee had set
downe at the Table, shee said, that this
Roome had bin a very lucky Roome to
her, for once before in this Roome, shee
had received three hundred pounds for the
composition of a Rape, which shee charged
a Reverend Divine withall, I shall not stick
to name the man, shee said it was Doctor
<font>Belcanquell</font> ; this Doctor I knew him to be a
reverend man, and to my knowledge is long
since dead, and in Heaven; and for this Rape,
shee said then, shee would not take under
two thousand pounds for a composition of
Sir <font>Edward Moseley</font> , which shee said was
little enough, hee having three thousand pounds
<pagebreak id="9" />
a yeere. </dialogue><nonSpeech>Mistris <font>Swinnerton</font> hearing of this
clapt her hands at him, and said, he was a
Knave, and a Rascall, and all was false which 
he said.</nonSpeech>
   <nonSpeech>Then the Court said to her, Mistris
<font>Swinnerton</font> </nonSpeech><dialogue> you should carry your selfe soberly
and moderately, otherwise you will
disparage all your witnesses. </dialogue><nonSpeech>Then the Court
asked her whether shee did meete at this
Taverne (having affirmed before that shee
never was in Sir <font>Edward Moselys</font> company but
in her owne chamber) whereupon shee
staggered at it a little and loath to confesse it,
at last shee answered, True, shee was there,
but this Rascall <font>Kilvert</font> had bewitcht her to
come thither. Master <font>Kilvert</font> said further,</nonSpeech><dialogue>
after shee had sate a while at the Table, she
takes her stoole and removes it to sit next to
Sir <font>Edward Moseley</font> , and there falls hugging
and imbracing him; whereupon said hee,
surely Lady whereas you say Sir <font>Edward</font> hath
ravisht you, I doe beleive rather you have
ravisht him, otherwise you would not make
so much of him, </dialogue><nonSpeech>so Master <font>Kilvert</font> made an end of
his evidence.</nonSpeech>
   <nonSpeech>Then Master <font>Wood</font> another witnesse, said
he met her at Islington in Sir <font>Edward Moseleys</font>
company, and there shee confest to him that
Sir <font>Edward Moseley</font> had many times left the
Key of his Chamber with her, to goe to
<pagebreak id="10" />
him when shee pleased; and shee said, shee
had often made use of it. Then said this
witnesse,</nonSpeech><dialogue> after I had seriously look't upon
her, and seeing of her a woman of that
strength and body, I said, I wondred Sir <font>Edward
Moseley</font> should ravish her: She said, do you
wonder at that, why? doe you take me behinde
the Bed there (there being a Bed in the
Roome) and see whether you may not doe
it.
   </dialogue><nonSpeech>Another witnesse said that shee had
confest to him that Sir <font>Edward Moseley</font> once lay
with her, with her consent;</nonSpeech><dialogue> afterwards shee
asked him, now what will you give my Maide
you must give her something? he answered,
Ile give her fourty shillings, whereupon shee 
said, fourty shillings, that's base, you cannot
give her lesse then ten pound and a Silke
Petticoate; But saith shee, when he went
forth of Doores, shee said he gave her
nothing but a Groat, and so basely went his
way.
   </dialogue><nonSpeech>Another Witnesse sayd hee heard her say,
(that it being generally knowne that Sir
<font>Edward Moseley</font> had ravisht her) shee was like to
loose many of her best customers in Town.</nonSpeech>
   <nonSpeech>Another Witnesse sayd he heard <font>Swinnerton</font>
say, that if she would not take her Oath that she
was ravisht by him she should never be no Wife
of his: Afterwards Mr. <font>Ia. Winstanly</font> was called
<pagebreak id="11" />
into the Court, Hee said,</nonSpeech><dialogue> tis true shee tooke
mee, and shewed mee the place where shee
was ravisht. </dialogue><nonSpeech>Hee woundring how Sir <font>Edward</font>
being but a little Man and shee such a lusty
Woman should bee ravisht by him!</nonSpeech><dialogue> Why
sayd shee should you wonder at that? Then
shee put her Leg betweene my Legges, and
put her other Legge setting her Foote against
the Wall, saying now in this posture as you
see mee here, I my selfe could ravish any Woman
whatsoever.
   </dialogue><nonSpeech>Another Witnesse sayd,</nonSpeech><dialogue> the night before
shee went to preferre the Bill of Inditement
against Sir <font>Edward Moseley</font> , shee confest shee
had like to have beene distracted and runne
mad, for feare the Grand Jury should finde the
Bill.
   </dialogue><nonSpeech>Two other Witnesses affirmed upon their
credit, whereas it was sayd by Master
<font>Swinnerton</font> and his Wife, That Sir <font>Edward Moseley</font>
fled from his Chamber immediately
after the act was done, They said they had
daily recourse to his Chamber, and walkt to
and fro with him, sometimes in <font>Grayes</font> 
Inne-walkes, sometimes to Westminster, and to other
places in the Towne for six Weekes together,
after this pretended Rape, and many times
they saw Mistris <font>Swinnerton</font> stand at her owne
doore looking upon him, as hee past by
(which was but six steps from Sir <font>Edwards</font>
<pagebreak id="12" />
Chamber doore) and never questioned
about it, but oftentimes (they said) seeing
her stand watching there, they feared shee
would go up to him, and tempt him to
wickednesse.</nonSpeech>
   <nonSpeech>Then evidence being given on both sides, the
Jury went from the Barre and returned, and
gave their Verdict, That Sir <font>Edward Moseley</font>
was not guilty, Then the Court sayd Sir
<font>Edward Moseley</font> ,</nonSpeech><dialogue> take heede what company you
keepe hereafter, Let this be a warning to
you, you see in what danger you bring
your selfe to in keeping ill
Company.



</dialogue>
  </dialogueText>
</dialogueDoc>