<?xml version="1.0" encoding="ISO-8859-1"?>

<!DOCTYPE dialogueDoc SYSTEM "dialogueDoc.dtd" >

<?xml-stylesheet type="text/xsl" href="dialogueWebRender.xsl"?>


<dialogueDoc id="D3WSUFFO">
  <dialogueHeader>

    <filename>D3WSUFFO</filename>

    <identifier>3 WITNESS D D3WSUFFO</identifier>

    <title>WITCHCRAFT</title>

    <author>unknown</author>

    <subperiod>3: 1640-1679</subperiod>

    <speechPubDate>3: 1645/1929</speechPubDate>

    <contemporaneity sourceDate="NON-CONTEMP">Source text was published more than 40 years after the first printing / original speech event</contemporaneity>

    <textType typeCode="WITNESS-DEPOSITION">Witness deposition</textType>

    <textBibliography>
      <attribution type="EDITOR">EWEN, C. L'ESTRANGE.</attribution>
      <frontMatter>WITCH HUNTING AND WITCH TRIALS
THE INDICTMENTS FOR WITCHCRAFT FROM THE RECORDS OF 1373 ASSIZES HELD
FOR THE HOME CIRCUIT A.D. 1559-1736
COLLECTED AND EDITED BY C. L'ESTRANGE EWEN WITH AN INTRODUCTION
LONDON 
KEGAN PAUL, TRENCH, TRUBNER &amp; CO., LTD. (...)
1929
PP. 291.1 - 313.18
      </frontMatter>
    </textBibliography>
  </dialogueHeader>


  <dialogueText>
    <dialogue>

<comment type="compiler">SOURCE TEXT EDITOR USES ITALICS TO INDICATE UNCERTAIN READINGS.
THESE READINGS ARE CODED BELOW AS EDITORIAL EMENDATIONS, AND OUR CODE 
INDICATING A FONT CHANGE IS NOT USED.</comment>

<comment type="compiler">SOURCE TEXT EDITOR USES &quot;...&quot; TO INDICATE WORDS OR PARTS OF WORDS 
THAT HE HAS OMITTED. CODED BELOW AS EDITORIAL COMMENTS.</comment> 

<pagebreak id="291" />
</dialogue> <head> <comment type="editor">APPENDIX VI

DEPOSITIONS (17TH CENTURY) </comment> </head> <dialogue>

<comment type="editor"> (Brit. Mus. Add. MS. 27402, fos. 104-121) </comment>

<comment type="editor">This MS. is not easily read and the transcriber has found it
necessary to omit several words entirely, while other uncertain 
readings are printed in italics. A few depositions which did not
relate to accusations of witchcraft have been left out.</comment>

   </dialogue><nonSpeech>These Examinations of Wizards and Witches (com: Suffolc:)
in August 1645 were not long since given me by John Thruston
of Hoxne Esq=r= whose Ancestors were Justices of the Peace for
the said County: and these Depositions might probably be taken
by some one of them. <font>M. S.</font> </nonSpeech>
   <nonSpeech>Alicia Warner de Rushmere ffrely beeinge at her liberty
confessed that she had enterteined certeine euill sperits w=ch=
had succed her and that she imployed them to carry lice to one
Wrights wife and to one barnies and the s=d=. weamen weare lousie
according as she confessed. <foreign>Billa vera</foreign> .</nonSpeech>
   <nonSpeech>Sara Warner de Rushmere <foreign>de eade~</foreign> sister to Ali. <foreign>Billa     
vera.</foreign> </nonSpeech>
   <nonSpeech>Elizabeth Greene de Winckfield, vid. Jo Browneinge <foreign>testu</foreign> that
she confessed the day after her app=r=hendinge that she was a
witch and he askei`nge her how she knew it &amp; she ansd she knew
it by the tokens found about her. he askinge her how these tokens
came she sd that goody Wright of Stradbrooke sent her 3 imps
w=ch= she found at home like 3 chickings and these sucked her &amp;
made those teats. She called these imps Giles Alse &amp; Bes &amp;
furth<emendation>er</emendation> the deuill appeared to her like a man one night when she
was in bed a slepe and nipped her by the neck and wak<emendation>nd</emendation> her
and that he took her by the hand &amp; asked her if she wold serve
him, but she did not confes that she did assent, but sd he drew
3 drops of blood of her arme &amp; shewd the place where he drew
it &amp; th=t= he asket her to kepe some imps w=ch= she told him she
<pagebreak id="292" />
wold and after, she succled her 3 imps as beefore she refused the
money the diuell offered her. <foreign>Rich Aldus testatur vt ante.</foreign> 
<foreign>Billa vera.</foreign> </nonSpeech>
   <nonSpeech>Elizabeth Fillet de Wetherden. John Spinke <foreign>testatur</foreign> that
about 7 years since this acc'ed beinge angry w=th= his man for
not mendinge her shoes he did often times see a rat that did
troble him in his shop but he cold never kil it and beinge rosolued
to shote it cold se it no more. After he saw a mowle run about his
shop but he cold not get. After this accu. lieinge bedered stroke
her kep~ and this informant's wife beinge told of it sayd she shold
lie and <emendation>r</emendation>ot before she wold come at her if she weare her keep~.
p~sently after, this woman had a child taken w=th= a stronge fit
of sicknes and the day after the sicknes it had lice about it but
shisninge the lininge it was cleere fro~ the lice. Th<emendation>o</emendation> gardiner  
<comment type="editor">...</comment>
Tho. Janings <foreign>testatur</foreign> . that her told that the searcher was come
to towne and he asked her if she wold be searched and she sd
let the honest wemen come and she wold be content and she
further sayd the divell tempted her to kill her selfe and she shold
auoyd this standell. <foreign>Ignoramus.</foreign> </nonSpeech>
   <nonSpeech>Grace Gunburgh <foreign>vxor de eadem</foreign> . John Waller <foreign>testatur</foreign> .   
That 
in the time of watchinge he saw a door creepe upon her head in
the time of her watchinge. James May <foreign>testatur</foreign> . that he saw a
fly in the time of her watchinge and he burnt it as he thought.
The searchers sd she had marks. <foreign>Ignoramus.</foreign> </nonSpeech>
   <nonSpeech>Elizabeth Hobert that the day after her attach. Maninge
<foreign>testatur</foreign> that the diuell appeared to her about 30 years since
like a black boy and drew blood against her will at her back
after <emendation>wd</emendation> at the same time she couenanted w=th= him that he shod
have her body and soule and wold auenge her of those that
angered her and that he wold furnish her w=th= money but never
p~formed it. Further that wished her cosen Hobart harme and
he fell lame and so continued till he died w=ch= was w=th=in 3 days
after she was questioned. John Hayward, that after the diuel
had god blod of her he asked her to forsake god &amp; Ch. and she
consented to him upo~ p~mise y=t=. she shold want nothinge and bee
reuenged and then she confessed she ha<emendation>d</emendation> imp <emendation>tht</emendation> mad l<emendation>oose</emendation>
and that her imps did suck twice or 3 a week but had not beene
w=th= her this fornight &amp; further <foreign>vt ante</foreign> . <foreign>Billa vera.</foreign> </nonSpeech>
   <nonSpeech>Richardus fforeman de Stowmarket <foreign>Testatur</foreign> Sterne.</nonSpeech>
   <nonSpeech>Willia~ Keeble de Stowmarkt. <foreign>Ignoramus.</foreign> </nonSpeech>
<pagebreak id="293" />
   <nonSpeech>Margaret <emendation>P</emendation>o<emendation>w</emendation>ell <foreign>vxor</foreign> . John Curtise <foreign>test.</foreign> that  
she confessed
after 6 days watchinge that she had <emendation>3</emendation> imps sent her from Mother
Browne and that they had fed on her severall times. there names
weare bes, nan and joane, and that they had sucked her the past
Saturday. <foreign>Billa vera.</foreign> </nonSpeech>
   <nonSpeech>Eli<emendation>zabeth</emendation> Richmond <foreign>vxor de</foreign> Bramford after 6 days        
watchinge
confessed. <foreign>teste.</foreign> M=r= Curtise that the deuill came to her and
imbraced her and asked her to love him and trust in him and
wold defend her and curse her enemies and she asked him who
he was and he sd y=e= p~fit Daniell and he told her she must forsake
god &amp; the Church and that she must not goe to Church to
h<emendation>eau</emendation>e the <comment type="editor">...</comment> w=ch= she p~mised upon her troath she wold doe 
and
after this, beinge angrie w=th= one goody furnis she wished the
plague on her and she died within 6 weeks and as she thought it
was upo~ her curseinge. <foreign>quere.</foreign> </nonSpeech>
   <nonSpeech>Ailicea Marsh <foreign>vx deade~</foreign> after 3 days &amp; nights spake to Will
Itiles &amp; desired him to come to her about 3 o 4 after for she had
something she wold confes to him, he came to her accordincgely
&amp; she confessd that the deuill came to her in the likenes of a cat
and desired her sowle but she wold not giue it him, but she gave
him her body &amp; after this he had the use of her body &amp; so dep~ted.
After this he appeared and brought her a wrightincge and he
drew blood of her and she marked it w=th= the blod he drew from
her, and that he sent 3 imps that shold doe any thinge for her
and that she imployed those imps to kill certeine hogs and that
she succled these imps theyr names weare dic Tom &amp; Will. 
She cofessed she killed Simsons son and Simson further testified
that his hog died at that time.</nonSpeech>
   <nonSpeech>Goody Smith Hen. Sanford wit. after 3 nights watchinge. 
She confessed to him y=t= she had cursed 2 childeren of Parkers
and that they languished immediately an did giue the~
apples and wish they might doe him hurt and died w=th=in
one quarter of a yeare and concerneinge one fulcher's child that
beeinge disconted that iat was not woanen she went and touched
the child in the cradle and imediately it sprung up in the cradle
and beinge take w=th= strange fits and imediately died that her
imps hange in her secret parts in <emendation>a bag</emendation> and her husband
saw it.</nonSpeech>
   <nonSpeech>and that these imps sucked on her. <foreign>billa vera.</foreign> </nonSpeech>
   <nonSpeech>and that she granted to his couenant.</nonSpeech>
<pagebreak id="294" />
   <nonSpeech>Payne <foreign>de eade~ testatur</foreign> in the 3 night after watchinge that 
he
beinge at plowgh curseinge &amp;c., the deuill appeared to him like
a dog and required him to forsake god and Christ w=ch= he
consented to. Joh. Curtise <foreign>testatur</foreign> about 30 years since         
<foreign>vt ante</foreign>
but upo~ his appe' he bad him avoyd sato~ upo~ the 2 apperance
w=ch= was some years after he made a covenant w=th= him <foreign>vt         
ante</foreign> .</nonSpeech>
   <nonSpeech>Sterne <foreign>testa</foreign> that after 8 days watchinge, the deuill tempted
him to hange him selfe and that 20 years since <emendation>he</emendation> thought the
diuell appeared to him and he syd the diuill tempted him to give
him his sowle and he sd</nonSpeech><dialogue> I resined my sowle frely from god &amp; I
give it freely to the diuill.
   </dialogue><nonSpeech>John Chambers <foreign>de eade~</foreign> John Curtise <foreign>testatur</foreign> , after 3  
days
that about 12 years the deuill told him in the shape of a boy
that if he wold follow his directio~ and make a covenant w=th= him
he shold want no thinge and that he brought a wrightinge to him
to him and he drew blod of his finger and sined the covenant and
the diuell p~misd to find him 3 imps w=ch= accordingely he receiued,
and imployed these imps to kill a bullock of widman and an horse
of an other mans and he sent his imps richard to kill one Smiths
horse and it died, and he sent his imp John to kill one Smith's
child and it died.</nonSpeech>
   <nonSpeech> <foreign>Testatur</foreign> Smith that Ch confessed freely that he was the    
cause
that sent two toads to his wife as she was dressinge of her child
and that he came aback to his howse to see if the toads had done
that he sent them for and that the child w=ch= she was then
dressinge did forthwith languish and die.</nonSpeech>
   <nonSpeech>Lidea Taylor <foreign>vxor</foreign> , John Beoment <foreign>testatur</foreign> that she was
app<emendation>rehended</emendation> the 30 of July and about the    day of August
she confessed that she was a witch &amp; that she had 2 imps the one
like an owle the othe like a blackburd and that by these means
she killed one <emendation>B</emendation>erts cattell and that he and all his howse weare
the worse for her and that her imps counselled her to steale and
that they counselled her to kill her selfe, and that the diuill did
appear to her in the night and wold haue had <comment type="editor">...</comment> w=th= her but
she called her husband; Ed. Cattinge <foreign>testatur idem</foreign> ; John
Barlet sd she came to his howse upo~ the Tuesday night, &amp;c.
<foreign>Ignoramus.</foreign> </nonSpeech>
   <nonSpeech>Margaret Legat de Playford, Wil~l~ Wels <foreign>testatur</foreign> , that about
7 years since he fallinge out w=th= the <emendation>sone</emendation> of Mar. Legate his
child fell sick and askinge the deuise of a Phisitia in ipswitch
<pagebreak id="295" />
cold find no cause of the desease, the child still continueinge sick
Cryed out it thought it was stunge w=th= wasps, soone after this
Legate came to this infor mants howse upo~ <emendation>he</emendation> thretened if she
came there any more he wold through her in to the riuer he
beeinge a miller, yet after this she came to his howse and although
he reuiled her yet she came into his howse and sate upon his bed,
and after he forced her out of his howse she fell downe and asked
him forgiuenes.</nonSpeech>
   <nonSpeech> <foreign>Eadem testatur</foreign> Clerke that she sd to this infor. that she  
was
a damned creature and if she had not beene taken she shold haue
done much harme. Alicia <emendation>E</emendation>ayth <foreign>testatur idem vt ante</foreign> .</nonSpeech>
   <nonSpeech>Mar. <emendation>J</emendation>ason sayth that whilst this accusant was watchinge one
of her imps like a mowle came to her and sucked her in the 
secret p~ts.</nonSpeech>
   <nonSpeech>John Wilkinson <foreign>testatur</foreign> that she after 3 days watchinge sd
that she had a thinge <emendation>liuyd</emendation> by her like a child but she neuer
saw it nor neuer heard it speake, <foreign>Ignoramus</foreign> .</nonSpeech>
   <nonSpeech>An Ellis de Metingham Tho. Hudson sd that vpo~ a falling out
w=th= <emendation>w=h=oathis woman</emendation> he was lame and so continued but lately
changeinge his surgeo~ he doth now begin to mend. <foreign>Ig~.</foreign> </nonSpeech>
   <nonSpeech>ffides Mils <foreign>vxor</foreign> de ffresingfield Jno Goodinge <foreign>testatur</foreign> 
that
after two nights watchinge she confessd she had 3 birds some
called them imps theyr names Tom Rob<emendation>ur</emendation> and John and that
these imps did on her and that she gaue one of these birds to
one of Tho. Aldus child w=ch= breake out w=th= 21 soars and died
that she sent 2 of her birds to 2 of pages child and had both
likewise soars and one of them died and that she sent one of her
birds to goodmans locks w=ch= caused one of his cows to skip ouer
a stile a burst her neck w=ch= happened accordingely and that
Tom caused John Wolnose horse to throw him in the water, &amp;
Robt caused Aldus his cart to stand fast on the playne grownd,
and that the diuell drew blod of her and writ w=th= it but what he
wright she knew not.</nonSpeech>
   <nonSpeech>Laurence Caluer <foreign>testatur vt ante</foreign> . <comment type="editor">No return.</comment> </nonSpeech>
   <nonSpeech>Anna Marsh de Tattingstone she beeinge watched <emendation>2</emendation> days
&amp; <emendation>2</emendation> nights thretened those that had thus vsed her she wold be
reuenged of them <foreign>testatur</foreign> <comment type="editor">...</comment> that one of these watchers     
haueinge
two small childeringe at home alone w=th= a fier vpo~ the harth
one of theyr cloaths fell on fire, and was so burnt that <emendation>so</emendation> it   
died
of it. <foreign>Ignoramus.</foreign> </nonSpeech>
<pagebreak id="296" />
   <nonSpeech>Susanna Smith de Rushmere, <foreign>vxor</foreign> . Robt Mayhew <emendation>testatur</emendation>
the next day after her app=r=hensio~ confessed that 18 years since
the diuill appeared to her like a red shaged dog and tempted
her to kill her childeren but she stroue w=th= him 24 howers before
he went fro~ her but she wold not kill them, but beinge desired
to relate further of her witchcraft there rise two swellings in her
throate so that she cold not speake, but he comeinge to her the
next night she confessed that the diuill did againe appeare to
her in likenes of a black bee and told her that she shold bee
attached the next day and that if she confessed any thinge
she shold die for it and beinge demanded why she wold eate
nothinge there beinge good meate p~uided for her she said the
diuell told her she shold neuer eate nor drinck acgaine but they
then p~vided and brought her meate and w=th= much tremblinge
she got some downe and further sd that the diuell came to her in
the likenes of a black bee and went in to her body and there
continued vntill that <comment type="editor"> <font>paper clipped</font> </comment> that she wold not      
confes
vntill he went from her againe but after that he was gone she
confessed that she had sined a couenant w=th= the diuell at his
first appearance and sined it w=th= a cross and after that the
diuell writ her name to that couenant to w=ch= she had made that
marke and that the diuell had so told her weare there a rusty
knife in the roome wheare w=th= she might kill her selfe and they
looked in that place &amp; found such an old knife as she discribed
but she sd that she cold not kill her selfe because they wa <comment type="editor">...</comment> in 
the roome. Rich Marnin <foreign>testatur vt ante. billa vera.</foreign> </nonSpeech>
   <nonSpeech>Ellen Crispe <foreign>vxor de</foreign> Sweslinge: Hen. Minstrell <foreign>testatur</foreign> 
that
the parents of this woman and this woman have been formerly
counted and commonly reputed for a witch. Tho. Sier <foreign>testatur</foreign>
that upo~ denyinge of the husband of this accusant a loade of
<emendation>h</emendation>ay he had one of his cows as gaue nauglty milke of two of her
teats and since hath dried up. <foreign>Ignora.</foreign> </nonSpeech>
   <nonSpeech>Margeret Mixter vid. de Shotley. Elizabeth Mai~ <foreign>testatur</foreign> that
the 3=d=. night she seemed <emendation>to</emendation> bee very sick and semed to haue very
strainge fits and desired to ruck downe or ly downe and such
fits she had seu<emendation>e</emendation>rall nights and after they p~ceived her in those
fits immediately this informant searched her and cold playnely
p~ceiue that her teats weare newly sucked and that she wiped of
the fresh blod fro~ the end of her teats w=th= her finger, and she
confessed that one Japhery <emendation>Wo</emendation>ds sent her a toad some 6 years
<pagebreak id="297" />
since and it sucked on her thygh, and after that the toade came
into her woll basket, and in the time of her watchinge she cryed
out &amp; sd that Satan was w=th=in her and prayed the~ that watched
w=th= her to hold her body &amp; to worke down Saten w=ch= they <comment type="editor">...</comment>
and she after thancked the~ and sd they had done her greate
good and had wrought Satan out of her and when it Satan was
w=th= in her beinge asked how he came into her she sd that on
Wod sent it and that it came like a mowse to her and they shold
it goe away like a mowse againe, &amp; that this Wods sent the toade
to her. Jo. looke <foreign>testatur vt ante</foreign> . Sara Wods <foreign>testatur</foreign> that 
she
standinge by the accus. saw a thinge come from vnder her coats
in likenes and shape of a beauer brush and passed vnder neath
a chest but cold not find what became of it and <emendation>they</emendation> chardgeinge
her that was one of her imps she sd no it was one of her 
neybors chickinges <foreign>Billa vera.</foreign> </nonSpeech>
   <nonSpeech> <foreign>Eade Iteru quod filiu cuiusde~ Ja. Pullen occidit. billa     
vera.</foreign> </nonSpeech>
   <nonSpeech>Susan Marchant de Hintlesham, vid. John Easte <foreign>testatur</foreign>
that she being attached upo~ the Sunday at night but haueinge
2 or three howers o<emendation>f</emendation> the Munday at night she confessed to this
infor. that she 3 imps theyr names Antony blackfast and will,
the 2 first like rabets and they sucked on her and the other like
a crow and that she dry nursed and that she haue had these
<emendation>2</emendation>8 years, and that the crow tempted her to strike a cow lame of
her brother Jaferies, w=ch= she did, the first time the diuill       
appeared
to her was as she was milkeinge of a cow and singeinge of a
Psalme, and asked why she sunge Psalmes for she was a damned
creature and from that time she received her imps. Rich.
Glamfield, <foreign>testatur</foreign> that vpo~ the Munday she confessed that the
diuill did appeare to her in the shaddow of a man, and beinge a
milkeinge and singeinge as befor the deuill told her she had
renounced God Ch. and her Baptisme and desired of him if she
had done so she might know it by some sine and all that day
after what so euer she sa <comment type="editor">...</comment> and from that time she had her
imps <foreign>vt ante. billa vera.</foreign> </nonSpeech>
   <nonSpeech>Briget Bigsby <foreign>de eade~</foreign> . <foreign>testatur</foreign> Rich Glamfield, that  
she
confessed freely w=th=out watchinge, the first day that she was a
witch &amp; that her grandmother had made her so and that about
3 weeks after the last sessions there came 2 mise as she lay by the
fier and scratched her by the foote &amp; drew blood on her &amp; that she
was affraid and told her grandmother of it who bad her not be
<pagebreak id="298" />
affraid but ent~teine the~ and she shold be auenged of all
her enemies, and upo~ the thursday after the came againe and
drew tokens w=ch= weare found about her and at that time she
heard a voyce speake to her w=ch= bad her denie god &amp; Ch. and he
wold be a husband to her but she denied it and saw not who it
was that spake it, her imps told her theyr names Joweare Joh<emendation>n</emendation>
&amp; Naturall, and have sucked 5 times since she had them, they
told if she wold grant to theyr couenant she shold neuer rest day
nor night. <foreign>billa vera.</foreign> </nonSpeech>
   <nonSpeech>Susanna Stegold <foreign>de eade~, testatur</foreign> . John Easte,            
<foreign>testatur</foreign> , that
after that the marrage of her first husband the diuill came into
her and beinge asked how she knew it she sd that she knew it
for she had pigs and one of the~ beinge more rauenous the~ other
she wished it might neuer eate againe and immediately it died
and after her husband beinge a bad husband she wished he might
dep~t from her meaneinge as she sd that he shold die and
p~sently after he died mad. and when this informant went fro~
her there followed a dor after him w=ch= this accusant sayth was
an impe w=ch= she sent after him but it cold doe him noe harme
and beinge in the <comment type="editor">...</comment> art she cryed out,</nonSpeech><dialogue> oh! my deare husband,
</dialogue><nonSpeech>but beinge asked whither she bewitched him to dead or noe, and
sd she wished ill wishes to him and what so euer she wished
came to pas. Jaffer Ward sayth that the day after her app=r=hensio~
she confessed she had 3 imps. Rich Glandfield <foreign>testatur</foreign> that she
sd the killinge of her own pig was to try her skill. <foreign>billa         
vera.</foreign> </nonSpeech>
   <nonSpeech>Joanna Potter deade~ <foreign>testatur</foreign> Glan. that she confessed the
day after her attachinge that she had 4 imps and had sent 2
of them to her granchild, and that she had made a couenant
w=th= the diuill and fetched blud at her nose and sined the couenant
the diuill brought to her &amp; that she imployed her imps to kill
certeine fowls and she confessed to him that one of her imps his
suck her at the time she talked w=th= him. <foreign>billa vera.</foreign> </nonSpeech>
   <nonSpeech>Maria Daco~. <foreign>de Playford ipse confitetur billa vera.</foreign> </nonSpeech>
   <nonSpeech>Eliza. Southerne de Dunage, <foreign>testatur</foreign> M=r=. Browne minister
that she confessed w=th= 24 howers after her atta~ that upo~ a
fallinge out w=th= mother Collit about a years since, some two
nights after she concieued the diuell was sent to her by this
mother Collit in the shape of a crabfish w=ch= came into the bed
to her and nipt her &amp; fetcht blod &amp;c., and afterwards spake to
her &amp; demanded of to seale a covenant <foreign>vt allia copi</foreign> p~mise to
<pagebreak id="299" />
prouide for her against all want where upo~ she yelded vnto him,
at his next appearance he lay w=th= her She saw not <emendation>his</emendation> shape but
onely felt round <comment type="editor">...</comment> and cold like a stone Speakeinge to her in
a shrill voice promiseinge to <emendation>guide</emendation> for her and beinge a pedler if
weare at any time late the deuill allways helpt her home. She
met the diuell midsomer last like a black boy 10 years old by a
whitethorne as she went to Westleton and there he p~mised her
2s. <emendation>6d.</emendation> and he had not then but she shold haue it the next time
she came that way but he fayled of his promise, he met her
indeed, but complayned of the hardnes of the times the boy was
hary though yonge she say <emendation>she</emendation> wold haue confessed this the
night before but the diuell wold not her the ministe vsed no other
argument to make her confes the <emendation>ontly</emendation> by sayinge</nonSpeech><dialogue> doe wronge
yo=r=selfe but cleare yo=r= consience; </dialogue><nonSpeech>the couenent she sealed was
to expire at 14 years <comment type="editor">...</comment> w=ch= was but fower years since. Tho.
Spatchet <foreign>testatur, vt ante bill vera</foreign> .</nonSpeech>
   <nonSpeech>Prissilla Collit <foreign>vx de ead</foreign> Tho Spatchet. afte 3 nights &amp; days
watcheinge after an howers slepe, in a sicknes about 12 years
since the diuell tempted to make away w=th= her childeren or else
so shold allways continue poore, and he then demanded a
couenant of her w=ch= she did deny, but she carried one of her
childeren and layd it close to the fyer to burne it, and went to
bed againe and the fier burnt the hare and the head lininge and
she heard it cry but cold not have power to helpe it, but one other
of her children pulled it away and the next time the diuell came
to her he demanded her to seale the couenant vt alias and she
consented to him against her will and sealed it w=th= her blod,
and she <emendation>sent</emendation> him to destroy a bottome of one godma~ harpers at
newcastle and that he returned answeare that he had done it, he
promised her she shold find 10<emendation>s.</emendation> in whin bush for sealinge the
couenant but she neuer had it, &amp; that she went from Dunage
to Bostone in 2 days and the diuell told her she shold not goe
up past the knees but she went up to the neck and if a boate had
<emendation>not</emendation> come by by chance she had beene drowned for there weare
3 men in the boate &amp; they cold all hardly pull her upo~ into he
boate the diuell held her downe so fast in the water. <foreign>Testatur
vt ante</foreign> M=r=. Browne clerk: and further that she cold change her
imps into any shape the diuell gave he so much powers and that
she wold haue beene gone to skape searchinge but she had not the
power, this she wold haue related a day and a night before but 
the diuell wold not let her. <foreign>billa vera.</foreign> </nonSpeech>
<pagebreak id="300" />
   <nonSpeech>1. Tho. Ratlif <foreign>nup~ de Shelly. in p~ incantatione.</foreign> Tho.     
Monticute
<foreign>testatur</foreign> that he beeinge fellynge of a tree this Ratclife came to
gather chips and denied her and immediately w=th= one our this
deponent was full of strange lice beeinge beefore this cleare &amp;
haueinge put on a cleane shirt the day beefore; George
Waterbury test. that vpo~ seuerall fallinge out w=th= her he haue
sufferred seuerall strange losses of his cattell as his hoggs dieinge
<comment type="editor">...</comment> beeinge p~fectly well beefore this difference. Abigall Brigs
sayth that after she had beene in custody 6 days but not kept
eyther from sleepe or foode neyther was she walked at all in this
time, she confessed that a month after the death of her husband
there came one to her in the shape of her husband and lay heuy
upon her &amp; she asked him if he wold kille her &amp; he answeared
in the voyce of her husband</nonSpeech><dialogue> no I will bee a loueinge husband to
you, </dialogue><nonSpeech>and beeinge further demanded if she wold confess no more
concerneinge this appeareance she answered she was stopped and
cold not but confirmed that that w=ch= she had sayd was true.
Prissilla Brigs sayth she searched her &amp; found two teats: Sterne
test. that she confessed that she had beene a common curser &amp;
it had often fallen accordinge as she wished, &amp; further that
her malice had brought her to what she was come to, but wold
confes she was a witch, &amp; further that she consented to that
man w=ch= appeared to her to bee her husband after her consent
he p~mised her she shold bee reuenged of all her enimies but she
sd she found Satan a liar. <comment type="editor">No return.</comment> </nonSpeech>
   <nonSpeech>2. John Lowis <foreign>In. p~ incatatione, testatur Ca Kno.</foreign> That after
his swimminge at fframingha~ he confessed in his p~sence, he
haueinge showen his mark<emendation>e</emendation>s to this deponent that the bigest
of his imps Tho. for he had 7 <emendation>Fl</emendation>o bess and mary did suck at this
teate, but beeinge asked if he had made any contract sd not
but To~ had sometimes moued in a hollow voyce to that purpose,
he beeinge asked <emendation>h</emendation>ow longe these imps had sucked, sd 5 years
and he sd to Ton who came first to him asked if he shold suck he
sd w<emendation>h</emendation>en goody <comment type="editor">...</comment> mother Sherewod weare weary of him he
shold suck of him. &amp; further he sd the water was inchanted by
an other witch, <foreign>teste</foreign> daniel Rayner that Lowis confessed he
imployed his yellow imp to doe all the hurt he cold at Sea betwene
Yarmouth &amp; Winterton and that he had beene the death of many
cattell and that these imps did force him to imploy the~ about some
euill action. Nath Man. of Branson <foreign>testatur</foreign> he that upo~ a       
fallinge
out w=th= M=r=. Lowis and M=r=. Lowis thretinge him he went for a
<pagebreak id="301" />
warrat to bind him to the pease and that imedeately after
M=r=. Lowis came to this deponents wife who haueinge a child
w=th= her he wold giue her 2<emendation>s.</emendation> 6<emendation>d.</emendation> to buy it somethinge and
immediately after this mony receiued the child fell sick
languished and though it eate the meate yet it gathered no
strength but so continued vntill it died: 34:</nonSpeech>
   <nonSpeech>1. Maria Bush <foreign>de Bacto~ In. vt ante</foreign> freely. taken on the
munday confessed that night &amp; teusday morninge, <foreign>teste</foreign>
M=r=. Maltin, that ye deuill did appeare to her in ye shape of a man
about 15 yer since and <emendation>3</emendation> we. after the death <comment type="editor">..</comment> , and had    
after,
the vse of her body. the first time he lay w=th= her was that he
sent her 3 imps the one like a whelp, the other like mise, and she
had imployed these imps to kill 3 cows and 20 turkies of
M=r=. Pritimans, and this because he tooke her collection from
her &amp; for this cause killed 2 cows of goodman Garnams w=ch=
they <comment type="editor">...</comment> as they told her, &amp; that she sent one imp like a toade
to Eli. Heath to tormenter because she wold not giue he <emendation>relife</emendation>
and this to torment her continally w=ch= it wold haue done if she
had not <comment type="editor">....</comment> her; and that these 3 imps did suck upon 3 seuerall
teats in her secret p~ts, <foreign>vera</foreign> .</nonSpeech>
   <nonSpeech>2. Margaret Benet <foreign>de eade vt ante teste</foreign> M=r=. Maltin frely  
<foreign>vt
ante</foreign> , con. that the deuill met her as she came fro~ Newto~ w=th= a
long cloake, and she knew him by his feete, it was in the day time
he asked her to for sake Ch. and bee ruled by him and she shold
bee reuenged of all that angered her, and that she yelded to this
motio~, and that she was aduised by the diuell to take of the
hayer of the back of the wid. Hoggards cows and giue it <comment type="editor">...</comment> her
imp kit and she did whereupo~ one cow died and the other
languished: she nourished this imp <emendation>kik</emendation> once a month and the
last time it succed she sayd it was iust immedeately beefore she
was searched and that the divell in the shape of a man at the
first <comment type="editor">...</comment> carried her body ouer a close into a thicket of bushes
and there lay w=th= her and after scratched her hand w=th= the bushes
and took her hand into his hand and writ vpon a black patch
but she knew not what, and that she sent her imp kit to goody
garnham to make he cow giue her a sownd <emendation>p</emendation>unch <emendation>but</emendation> not to kill
her and it did accordingely and this because she refused to let 
her haue a pint of butter, and killed diuers other cattell, &amp;        
<foreign>vera</foreign> .</nonSpeech>
   <nonSpeech>3. Ellen Greenelif the wife of K. G. <foreign>de eade vt ante</foreign> . freely
immediately after <emendation>ap.</emendation> co~ that he mother did send her 3 imps     
that
<pagebreak id="302" />
after she had the~ she oftene tempted to kill herselfe and whilst
these imps was with her she wished that garna~ <emendation>c</emendation>ow might bee
lame &amp; that Hogard meare might be lame, because he went for
the searcher, and they both fell but and she did imploy the~ to
send lice to M=r=. Lockwod w=ch= he w<emendation>a</emendation>s and that about one
years since in the night the deuill came to bed to her &amp; was cold
but had not the vse of her body, and y=t= time profered her if she
wold forsake god and Ch. and trust in him she <emendation>w</emendation>old want no
thinge and appeared to her the Sunday beefore she was attached,
in the shape of a boy and told her if she confessed he wold teare
her in peaces w=ch= did much affright her. <foreign>vera.</foreign> </nonSpeech>
   <nonSpeech>4. Eli: <foreign>Watcham de eade~ vt ante, igno</foreign> .</nonSpeech>
   <nonSpeech>5. Margaret <emendation>T</emendation>ray <foreign>vx de Ofton</foreign> . <foreign>In quod diabolica arte 
et incantatione murdro Anna Price &amp;c.</foreign> </nonSpeech>
   <nonSpeech>6. Sibilla Greene <foreign>vxor. de Wicka~ vt ante</foreign> that vpo~ search
she had very apparent teats and that Winter's wife did confes
vpo~ examinatio~ that she had he imps from her. <foreign>ignoramus.</foreign> </nonSpeech>
   <nonSpeech>7. Joane Balls <foreign>vx. de eade~ vt ante</foreign> after watchinge fro~    
thursday
vntill Saturday. after she had heard that he daughter had
confessed beefore; she confessed that she had sent two imps
like mise to her daughter and bad her she shold not bee affrayd
of them and that she was trobled w=th= such things as did suck
her but she never saw them and that there beeinge 3 teats found
about her she sayd she wold not say how many imps she had
but sd she had not above 3, and so she wold haue confessed to
M=r=. Willan the thursday beefore she was watched, but the diuell
came to her and wold not suffer her &amp; M=r=. Wellan beeinge alone
at that time that he beeinge alone w=ch= he conceived there was
some euill sperit in <emendation>ro</emendation>me and aduised to say her prayers and
defie the deuill and she did it and confessed that the diuell ansd
she cold not hirt her beecause he did not feare him. this woman
p~fessed anabaptisme, and runner after the new secks, <foreign>teste</foreign>
M=r=. Willa. Ck. and vpo~ Saterday moneinge she confessed that
one of her imps had succed her that day morneinge and it did
appeare by the search of some weomen at that time that it was
so. <foreign>vera.</foreign> </nonSpeech>
   <nonSpeech>8. Maria Brame <foreign>de eade~ vt ante.</foreign> likewise upo~ the fryday &amp;
after on the Saterday that she had received 2 things like mise
that her mother Jo. Balls had sent her and had her not bee
afraid of them for if she had the~ she shold neuer want and bee
<pagebreak id="303" />
reuenged on her enemies, and that in the night time 2 days after
her mother had p~suaded her to receive them they came and
succed her in the night time, but she was so affrayd of the~ that
she durst neuer toutch the~ w=th= her hand and they had tempted
her diuerse times to denie Ch. and God but she had not consented,
and that she had neuer imployed the~ and that she had had them
not aboue a fortnight beefore, she further confesseth that on
friday at night her watchers and her selfe beeinge a sleepe the
imps came to her and skeard her out of her sleape and she rucked
downe and sucled them. <foreign>billa vera.</foreign> </nonSpeech>
   <nonSpeech>9. Mary the wife of Winter <foreign>de eadem vt ante</foreign> , sayd that she
had had things that did troble her but she cold not confes and
sd she was sure she was cleare 5 weeks since, and if she had any
things they came tor fro~ mother greene, <foreign>teste</foreign> M=r=. Willan and  
that
she had certeine tokens found about her upo~ her searchinge,
<foreign>teste</foreign> Mary read; <foreign>vera</foreign> .</nonSpeech>
   <nonSpeech>10. <foreign>Anna vxor Ellis qd p~ incantationes consumsisset corpus</foreign> 
<comment type="editor">...</comment> Tho Hudson. <foreign>testatur</foreign> A Hudson that her some falling out
w=th= her he fell lame a fortnight after. <foreign>Ignoramus.</foreign> </nonSpeech>
   <nonSpeech>11. Elizabeth Man <foreign>vxor quod p~ incan~ occidisset anne man</foreign> ,
<foreign>test</foreign> James Stannar <foreign>et vxor eius</foreign> , that after a fallinge out  
w=th=
man she had immediately a child sick and beeinge trobled
w=th= a was or bee all the while about it it continued shreekeinge
and crieinge two days vntill it died and that the mother of this
child vpon a fallinge out w=th= this man was immediately taken
sick and lame so that she faynt to bee carried into the howse;
and that the searchers found teats and the marks of a witch,
and that day that this deponent went w=th= <comment type="compiler">SOURCE TEXT: w=rh=</comment>    
this woman to the
searchers, when she came home at night one of her childerin was
taken w=th= a strainge fit of shrekeinge and clawinge at theyr
faces when they wold hold it in theyr armes, and so held in this
fit vntill midnight, and haue had 3 such fits since; and that her
mother was hanged for a witch; <foreign>vera</foreign> .</nonSpeech>
   <nonSpeech>fframingha~</nonSpeech>
   <nonSpeech>12. Ellen Driuer <foreign>de eade~ vt ante</foreign> Robt Wayts that after 3
days and 2 night watchinge she confessed she had 2 imps did
suck on her and that deuill appeared to her like a man &amp; that she
was married to him in one <comment type="editor">...</comment> parishes and that he liued with her
3 years and that she had 2 childeren by him in that time w=ch=
were changelings, <foreign>teste</foreign> Wayts con. et Ed. Weeding she sd
<pagebreak id="304" />
further that it was 60 years since the diuell wooed her to marry
him and it was the n<emendation>ect</emendation> time of his comeinge beefore agreed to
him after she wer married he had the carnall vse of her but was
cold, and inioyned her beefore marrage to denie god and Christ.
and she sd that she did not know that any of his neybours did
euer see him, she further sd that beeinge in bed w=th= him she felt
of his feet and they weare clouen, and he liued w=th= her 2 years
and then he died as she thought, and that it was her pride was
the cause that made her consent to him. <foreign>vera.</foreign> </nonSpeech>
   <nonSpeech>13. Mary <foreign>vxor Scrutton de eade~</foreign> Ed. Weeteinge, the first
night she was take~, she had 3 imps that succed her seuerall
times this 3 or 4 month some times 2 o 3 in a day and that they
kept a sqeakeinge and that one night she heard them on the
plan <comment type="editor">...</comment> er and she told her husband there weare mise &amp;
answeared you <emendation>com</emendation>pany w=th= witches &amp; yo=r= plagued. w=th= some of
theyr emps, that the deuill appeared to her twise once like a 
beare, once like a cat, and that she tempted her in a hollow voyce
to kill her child, and as she was comeinge home lately the deuill
met her like a man and took her by the arme but wold not confes
what he sd to her. <foreign>vera.</foreign> </nonSpeech>
   <nonSpeech>14. Mary Edwards <foreign>quod inter.</foreign> Eli. Smith <foreign>test.</foreign> Ber.      
Brandin
that after Mary Edwards had giuen this El. an apple w=th= in a
fortnight after the child fell sick, and so continued and good
while and then died. <foreign>Igno.</foreign> </nonSpeech>
   <nonSpeech>15. <foreign>Iteru~ quod fran. Wood inter vt ante testa.</foreign> Elsa Woods
sayd that Mary Edwards tooke a way a hat from fran. Woods and
this Elis. Woods tooke the hat fro~ the sd Mary and after wards
this child fell sick and died. <foreign>Igno.</foreign> </nonSpeech>
   <nonSpeech>16. <foreign>Iteru~ quod</foreign> Robt. Pallant. Marie trasy <foreign>testatur</foreign> quod
mother Wyard in her confession sd she met w=th= her and told her
y=t= he ha<emendation>d</emendation> killed Robt. Pallard and Mary Edwards sent him       
<comment type="compiler">SOURCE TEXT: him him</comment>
to doe it, Marienie May <foreign>testatu.</foreign> that this Edwards came to her
masters howse and she gaue her some milke but not so much as
she desired and she went away mumblinge and the next day
Robt. Pallard, beeinge well in <emendation>t</emendation>he armes of a mayd seruant
sheake out fearfully and was lame of one sid and the next day
died. <foreign>vera.</foreign> </nonSpeech>
   <nonSpeech>16 <comment type="editor"> <font>sic</font> </comment> . Elizabeth Warne. <foreign>quod inter</foreign> Joh          
Buttera~; Jo:
Butter <foreign>testa.</foreign> that vpo~ fallinge out w=th= woma~ about a howse   
rent
the child was taken w=th= strange fits of the cramp, and this woman
<pagebreak id="305" />
came told them an a<emendation>p</emendation>ple of a thistle might doe it good, and she
gaue it one w=ch= it did weare &amp; it is wis after wards well and
afterwards goeinge to fframingham it was taken w=th= other
strange fits. <foreign>Ignora.</foreign> </nonSpeech>
   <nonSpeech>17. Elisabeth Warne <foreign>de eade~ p~ incantatione</foreign> , after 3 days &amp;
nights watchinge she confessed that pride and lustfullnes had
brought her to this, and desired ishe might bee walked apace for
she had the deuill w=th=in them. <foreign>billa.</foreign> </nonSpeech>
   <nonSpeech>18. Anna Moats the wife of Robt. freely, w=th=out watchinge
w=th= in two ours, confessed that she had 2 imps &amp; that she had
seuerall times sent to mak them kill diuers of Canvis cattell and
they did so, and beeinge asked if she had not toutcht his body
she asked againe if she wold not burne her, &amp; they answeared
noe, but the company pressinge in she confessed no more but
that these imp did suck her in those. <foreign>test.</foreign> M=r=. Trase, Jo.     
Caluer,
that the diuell did appeare first to her when she was a lone in her
howse and after she had beene curseinge of her husband and her
childeringe and that she gaue her consent to make her couenant
w=th= the deuill. <foreign>vera.</foreign> </nonSpeech>
   <nonSpeech>19. Margaret <foreign>vxor Bayts de eadem vt ante</foreign> after 2 or 3 days
Watchinge con~ when she was at work she felt a thinge come vpon
her legs and go into her secret p~ts and nipped her in her secret
p~ts where her marks weare found, and an other time when she
was in the Church yard she felt a thinge nip her againe in those
parts &amp; further that she had but two teats and they might be
made at once suckinge. <foreign>Teste</foreign> Weeteinge. Mary Trasy sayth y=t=
Marga Bayts before any watchinge confessed to her that there
came a thinge to her in the likenes of a mouse and ran vnd~ her
coats &amp; sucked her, and that it sucked her a nother time &amp; that
it had sucked her twice since the time of attachment. <foreign>Igno.</foreign> </nonSpeech>
   <nonSpeech>20. Anna Palmer <foreign>de eade~ vt ante</foreign> the first night she was    
take~.
that she had two imps like turkicocks the one she called great
tur. &amp; the other little. <foreign>teste</foreign> Weedinge. Mary gunnell sayth
that about 8 years since Mother Palmer came to the howse of
Robt. Wayts w=ch= home she then liued and then desired to giue
her a pot of beare but they denied to giue her any and she went
a way thretinge she might want a cup of beare her selfe eare longe
&amp; after this they cold make no beare that wold last aboue 3
weaks after this. <foreign>Igno.</foreign> </nonSpeech>
<pagebreak id="306" />
   <nonSpeech>21. Anne Vsher <foreign>de eade~</foreign> after 2 nights watchinge confessed
that about a year sine she felt a thinge like a small cat come ouer
her legs once or twice &amp; that it scratched he mightily after that
she felt 2 things like butterflies in her secret p~ts w=th=          
w<emendation>t</emendation>chings
dansings and suckinge &amp; she felt them w=th= her hands and rubbed
the~ and killed them, and an other time when she sate a spinge
a powlcat skipt in to her lap and spake to her and sd if she wold
deny Ch. god, &amp;c. he wold bringe her wittles w=ch= she after
consented, but he neuer brought her anythinge after, after her
consent, he drew blod off her hand beeinge 2 or 3 drops w=ch=
dropped on the stole but know whither he dropt on to the paper
or licked it up and that he appeared 2 or 3 times to her in the
likenes of a cat but did not confes further. <foreign>vera.</foreign> </nonSpeech>
   <nonSpeech>22. Mary Becket <foreign>de eade~ vt ante</foreign> , after 2 nights watchinge
confessed that the diuell did appeare to her in the likenes of a 
man and told her her sins weare so great that there was no heuen
for her she sayd that ther weare 2 things flew aboue her bed like
dors and she beat them downe, after this she fell a sleepe and when
waked her felt them come up her thy and sucked her and drew
two teats and once, <foreign>teste</foreign> Weedinge. <foreign>Igno.</foreign> </nonSpeech>
   <nonSpeech>23. Margaret Wyard <foreign>de eade vt ante</foreign> , after 2 or 3 nights
watchinge sd that 7 years since the deuill appeard to her in the
likenes of a calfe and told her he w<emendation>a</emendation>s her husband and asked her
to have the vse of her body w=ch= then she did denie, after this he
came to her in the shape of handsome yonge gentleman w=th=
yelloow hayre and black cloaths &amp; often times lay w=th= her and
had the carnall vse of her but wld p~forme the <emendation>St</emendation> of a man &amp; she
obserued he had a clouen foote, &amp; he made her denies god and
Ch., and came and brought wrightings in her hand and fetcht
blood of her thygh and Catched it in a thinge &amp; writt in the paper
<emendation>he</emendation> was then like a man he told a month since that a man and a
woman shold come to search for wit<emendation>ches</emendation> but bad her not feare
them for he told her she was his, &amp; sd that he wold bee searched
two, &amp; bad her not reueale any thinge, and when she began to
confess the deuill beat her downe he was like a shaddow, but she
was now glad she had got time to confes, she sd she had 7 imps
like <emendation>flies</emendation> , dors, spiders, mise, &amp; she had but fiue teats and   
when
they came to suck they fight like pigs with a sow. After ward
she sd she had one like a toade the diuell told her there weare
some witches had gold rings on theyr fingers. The deuill bad her
kill Sheldrak's child and that he told her mother mother chi<emendation>ner</emendation>y
<pagebreak id="307" />
had s<emendation>e</emendation>nt her to doe it, &amp; he asked her to blast M=r=. Mase his   
corne
but she sd she wold n<emendation>ot</emendation> and then he an<emendation>swered</emendation> he wold and sd
Mother Neuill ioyned w=th= him, <foreign>teste</foreign> Weedinge, Mary Trasy.
<foreign>Billa vera.</foreign> </nonSpeech>
   <nonSpeech>24. Margeria With alias Chim<emendation>n</emendation>y <foreign>quod int~ filiu~</foreign> John    
Sheldrake.
Mary <emendation>T</emendation>rasy <foreign>testatur quod</foreign> Mother man told her that the diuell
told her he had killed this child and that mother Chimny sent
him to doe it. Tho ffisher <foreign>testur</foreign> that after a fallinge out w=th=
her Sth that he had a yonge child taken the next day w=th= strange
fits and whilst it had these fits it came out full of blew spots &amp;
when the fit left it they weare not seene and w=th= one month died
&amp; the corps beeinge dead wold not grow stif allthough it layd
18 howers vnburied, she told him that deuill did desire her to
serue him but she did refuse and that M=r=. Lowis did come to her
and bad her neuer confes any thinge about witchcraft. <foreign>teste</foreign>
Hopkins She sd the deuill tempted her to blast M=r=. Mases corne
w=ch= she denied &amp; he sd that he wold, and she bad him doe, and
he did it and sd that mother neuell ioyned w=th= her. <foreign>test</foreign>
Weedeinge. <foreign>Igno. quo ad murd. Billa vera quoad incanta.</foreign> </nonSpeech>
   <nonSpeech>25. Anna Sherewod <foreign>de eade~ vt ante <comment type="editor">...</comment> testatur. Igno.</foreign> </nonSpeech>
   <nonSpeech>26. Susanna D<emendation>exe</emendation> de Westrope <foreign>pro incantatione</foreign> . sayd    
after
2 days watchinge, she met w=th= a little white doge 3 in the same
place. 2 at the noone day once at twylight &amp; she was affrayd of
it, beeinge asked whiter she was the cause of the sicknes of
Tho. Mills or noe shee lift vp her hands and wayled &amp; sd she
was and that was the cause of her greefe and w=th= all related the
fashio~ of his sicknes and places of his greefe w=ch= was accordingely
as she related and beeinge asked how she did it she sd she had
spoake a naughty word and that she had wished a wife a <emendation>c</emendation>ros,
and beinge asked how she knew the man was sick she sd because
he was not a church and beinge how she knew that lyinge sick
she sd her daughter told her who denyed that she did not tell
her, and did again confes this very thinge beefor the Justices:
<foreign>billa vera</foreign> .</nonSpeech>
   <nonSpeech>27. Francis Wildes of Blaxall.</nonSpeech><dialogue>
   <comment type="editor">Unfinished.</comment>

   </dialogue><nonSpeech> <foreign>In. Maria vxor Nath. Baco~ de Chatisha~ quod demone societatis
sua admisit et duos mali spiritus fouebat sub forma mascis et</foreign>
<pagebreak id="308" />
<foreign>nigri auis ad mala intentiones contra Statu. Hopkins testatur
q=d= p=r=d Maria nihil.</foreign> Ed. Smith sayth that he was the first man
that had the sd Mary in custody after her accusatio~ for a witch
&amp; afterneth that she confessed as soone as he taken confessed she
had 2 imps sent her by mother Cortnell and that she had sucled
them twise &amp; imployed them to kill crows. Moses Rayner.
Rayner. that she did succle 2 imps vpon the fast day after
Mid Somer. Ann Alderman de Chatisham <foreign>vt ante</foreign> . Rich Glam
et Rayner <foreign>testatur</foreign> , that she confessed thie first day she was
app=r=hended w=th=out, &amp;c. that she had 3 imps, grashopp~, mouse,
squirrill and that she was a witch &amp; had so beene allmost 8 years
&amp; that she had these imps fro~ mother Cotnell that met the diuell
seuerall times in field once like a man and once like a dog &amp;
vrged to seale her couenant but she refused and that the diuell
lay w=th= her and was cold, &amp; for refuseinge to seale the couenant
<emendation>that</emendation> the deuill wronge of her finger &amp; that she seuerall times
succled her imp and that she sent her imp Tho to kill her daughter
and he did kill her and that she wished her sons child cold in the
mouth &amp; it died likewise. <foreign>vera.</foreign> </nonSpeech>
   <nonSpeech>Natha Baco~, <foreign>vt ante.</foreign> by confes before M=r=. Jen. that he had
seald a couenant w=th= his blod w=th= the deuill &amp; that the deuill
promised him 14 p~ an <comment type="editor">...</comment> after 2 years that he was attached w=t=
a fortnight, that he had 2 imps fro~ mother shipper &amp; that he
succled them at his brest and that he had sent the one for salt
&amp; the other for oatemell, the deuill came in the shape of a ruge
dog when he came to him, <foreign>teste</foreign> Moses Rayner.</nonSpeech>
   <nonSpeech>Rebecca <foreign>vxor ffran Morris de eade~ vt ante</foreign> : confessed      
beefore
any violence, watchinge, or other threts, the deuill came to her
about 3 weeks agoe the deuill came to her in likenes of a little
boy and desired a couenant accordinge to the former, and she
consented to his desire but denied to seale the couenant and the
day after he sent her 3 imps and that she had succled them twise,
&amp; that she imployed the~ to kill a cat, a dog, &amp; a hen. Ed. Smith.
Moses Rayner <foreign>testibus</foreign> .</nonSpeech>
   <nonSpeech> <foreign>Maria fuller de Combs vt ante confi post pena, vera.</foreign> </nonSpeech>
   <nonSpeech>Maria <foreign>vxor</foreign> Rich. Cloues de Yoxford freely confessed upon the
first attachment confessed that the deuill came to her in
the shape of a little boy and that she made a couenant w=th= the
deuill and imployed her imps in generall seruice but not in
murder. <foreign>billa vera.</foreign> </nonSpeech>
<pagebreak id="309" />
   <nonSpeech>Margeria Spara~ de Mendam, confessed w=th= out watchinge &amp;c.,
that she had 3 imps will Tom like blackbird and nan like a white
moll, the white one came to her when she was a mayd and the
othe 2 came after the death of her ffather, the 2 black ones         
<comment type="compiler">SOURCE TEXT: blackones</comment> she
sent after her husband beeinge a solier to p~tect him, and the
white one to sea git his liueinge; that she met the deuill in the
wood in the likenes of a black man &amp; that the Deuill told him
<comment type="editor"> <font>sic</font> </comment> that there wold come a man to her to search for        
her imps and
that she shold send them a way, and that beefore this she was
tempted by Sata~ to kill M=rs=. Jacob, and she bad him doe and that
M=rs=. Jacob did die but not so soone as she expected, that she is
a lewd woma~ sildome come to Church. <foreign>test.</foreign> Jacob Neech.</nonSpeech>
   <nonSpeech>Katerine Tooly of Westleton <foreign>vt ante</foreign> freely w=th= in 6 howers
after attachment, that the deuill came to her in the shape of a 
black boy about 2 years and a halfe agoe he desired a renounceinge
&amp;c., &amp; she consented to it, and she gaue him her hand to draw
blod to confirme it, w=ch= he did, and he left two imps w=th= her,
Jackly &amp; pybold, after, vpon a fallinge out w=th= her some, Jackly
asked her what he shold doe for her she bad him goe and set
the marks of a witch on him and he did it as did appeare, after,
vpo~ a difference w=th= M=r=. Driuer minister she sent iackly to meete
him as he was to goe (to p=r=ach) fro~ Celsol to Westleton, and strike
him and his horse dead, and the imp required blod of her to doe
it but he returned to her &amp; told he cold not doe it he had no
power ouer him, and the reason was because he serued god, teste
M=r=. Driuer. After this Jacly told her that there was a bushell
of rusty mony in S=r=. Robt Brooks Closet &amp; he wold fetch her some
but she did not. Robt. Hak<emendation>en</emendation> <foreign>teste. vera.</foreign> </nonSpeech>
   <nonSpeech>Tho Eeuerard de Holsworth <foreign>vt ante</foreign> and Mary, his wife,
confesseth when he was a prentise goinge vpon arrant w=th= a
dog w=th= him a black dock like a water dog crossed the way w=ch=
skipped ouer a hij row and made no noyse, w=ch= made him
affrayd and when he came at the place wher the deuill crossed the
way the howne whined and wold not come over the way and then
he went back and carried him ouer and when he was ouer the
howne twistered about his legs whined and made him much
a ffrayed &amp; that he cold not looke against the light when <emendation>he</emendation>
came at the house whither he was agoeinge, and the man that
dwelt there told him that dog had beene seuall times seene there
but sent him an other way home when he came home he layd
<pagebreak id="310" />
downe to sleepe and drempt that somethinge crep vpo~                 
<comment type="compiler">SOURCE TEXT: vpo~ vpon</comment> his
legs and go to his shin, and then he waked and felt it and it was
like a rabbet and this asked him if he wold loue it and if he wold
denie god Ch. &amp;c. but he refused then, but consented to it after
ward, when he met it in the field, and y=t= it scratcht him under his
ear and got blood of him &amp; syd now it had what it wold haue,
that he had teats and that the imps sucked at those teats, that
he sent his imps to kill a deere and a ro<emendation>tt</emendation>en sheepe <comment type="editor">...</comment>     
<emendation>I</emendation>rish
John Wods <emendation>his</emendation> children and his owne granchild he w=th= his wife
killed, <foreign>teste</foreign> M=r=. Swaine. Hen Thurston. <foreign>vera.</foreign> </nonSpeech>
   <nonSpeech>Mariana the daughter of Tho~ Everard <foreign>vt ante</foreign> , confesseth. 
<foreign>billa vera.</foreign> </nonSpeech>
   <nonSpeech>Sara Spindler de Holsworth confesseth that she had thre imps
one like a bird &amp; 2 like a mowle and had imployed the~ to seuerall
murders.</nonSpeech>
   <nonSpeech>Jana Linstead <foreign>vt ante</foreign> ; and vpo~ attachment freely confessed
that she had enterteined imps meg, ioane, and nage w=ch= did
vsually suck her but did put her to noe payne put her into a
shakeinge &amp; feare and that sent one of her imps to hinder a
baker fro~ bakeinge his breade w=ch= accordingely happened, and
sent an other to kill the daughter of one clarke w=ch= she did,
further she met w=th= the deuill in the shape of a man who wold
haue lyen w=th= her but she denied him wherevpo~ he thretned her
but did her noe hyrt, <foreign>vera</foreign> .</nonSpeech>
   <nonSpeech>Eli. Hubard <foreign>vt ante</foreign> , confes after watchinge fro~ Saterday
vntill tewsday at night she confessed she had enterteined 3 imps
w=ch= she had sucled, and had sent one of them to kill John
Taylors child, and the child died accordingely and one Rich.
Lo<emendation>ws</emendation> child she killed &amp; Robt. Newmans: all this she denied
w=th= in 6 howers, yet vpo~ thursday after she freely vpo~ her knees
beginge p~don of them she had thus wronged, she confessed it all
againe, beside seuerall cattell, that she had had these 3 imps
12 years. <foreign>billa vera.</foreign> </nonSpeech>
   <nonSpeech>Jacobus More <foreign>vt ante</foreign> , freely w=th=out watchinge, confesseth
that had beene w=th= Euered at Holsworth and he p~swaded
him to take one of his imps w=ch= he refused but after
he sent it to him by his daughter &amp; then receiued it, then the
diuell appeared to him in the likenes of a boy in the day time
and p~swaded him to forsake god Christ, &amp;c., and he consented to
it and he drew blode to seale the couenant, after, he went to his
<pagebreak id="311" />
brothe who gaue him an other imp, and this imp he carried w=th=
him to Bungay where he imployed this imp to kill his brother
Will~ More, for refuseinge to pay him a legacy w=ch= Will~ More
accordingely died. that he ioyned w=th= his brother Euerard and
sent an imp to destroy a field of corne, w=ch= returned him
answear that it was done, and that his sister Euerard required
his imp nan to send w=th= 2 of her husbands to send to Pr. Ru
w=ch= accordingely he deliuered and haue not seene since w=ch=
is allmost 3 years since, <foreign>billa vera</foreign> .</nonSpeech>
   <nonSpeech>Margaret Eccleston <foreign>de Linstead vt ante</foreign> , vpo~ the testimony
of Smith that vpo~ a differrence w=th= his daughter Jane Smith
and this Ecclestone she thretned a reuenge and forth w=th=
immediately this Jane Smith fell lame, and after vpo~ a second
thret she payne increased and after Ecclestone came to her and
layd her hand vpo~ Janes head and told her if she pleased she wold
ask her forgiuenes but she puttinge her by refuseinge to let her
toutch her she grew worse &amp; worse for 2 or 3 days and then died,
vpo~ the testimony of Chr. Legate she confessed that she had an
imp that did suck on her and wold often vrge her to imploy it
in doeinge hyrt and that she sent it Jane Smith and it killed her,
and that she wold haue called her imp fro~ <emendation>J</emendation>an Smith againe and
saued her life but she cold not for she came too late, and after
that she did witnes to her husband that all she had confessed
was true &amp; that she had fownd e<emendation>lse</emendation> since her confession. <foreign>Teste</foreign>
Tho. looke. <foreign>billa vera.</foreign> </nonSpeech>
   <nonSpeech>An Smith of Glemham and Mary Smith, <foreign>vt ante</foreign> , after two days
and two nights watchinge confessed and againe confessed the
same beefore M=r=. Baco~ after a day &amp; nights sleepe, that they
couenanted w=th= the deuill and had received seuerall imps and
imployed them in the distruction of seuerall cattell &amp; sold and
trafficked for 2 of her imps, the one she sold for 2<emendation>s.</emendation>, the other
for 18<emendation>d.</emendation> that she sent one imp to lame goody Barker and <emendation>get    
diffe</emendation>
betwixt her husband and her selfe, and had sold one impe to
Bet Bray of Stradbrook and an other to an arnoll of the same
and that her sone haue one imp w=th= him in the army and his
resolued to goe to the king's p~ty w=th= it. <foreign>billa vera.</foreign> </nonSpeech>
   <nonSpeech>Marie Sexton <foreign>vt ante</foreign> vpo cofession freely that (in the a    
sicknes
w=ch= she had about 8 weeks) since a rug dog came to her and this
dog set he was sent fro~ Ipswitch and that this dog did draw
blood of her tounge and at the seconod time of the appearance
<pagebreak id="312" />
of this dog the dog required if she wold reuenge her selfe of the
Constables that had carried her to Ipswitch vpo~ misdeameanor
but she refused to consent and that she suclet her impe twise
in one weeke. <foreign>billa ver.</foreign> </nonSpeech>
   <nonSpeech>Rachell Sexto~ <foreign>vt ante</foreign> , ffreely, that in the time of       
sicknes there
appeared to her a thinge like a mowse, came upo~ her brest
lyinge in bed and thretned her, but she gaue noe consent to the
enterteinement of it. <foreign>ign.</foreign> </nonSpeech>
   <nonSpeech>An <emendation>B</emendation>arker <foreign>de eade~ vt ante.</foreign> ffre. confess. that about 2 
years
since there came to her a little dun dog and syd to he</nonSpeech><dialogue> if you will
cleaue to me thou shalt w<emendation>an</emendation>t nothinge </dialogue><nonSpeech>&amp; told her shee shold find
mony v<emendation>n</emendation>de a st<emendation>a</emendation>p in the hall garden but she found none, at the
2 time of his appearance he drew bloode fro~ her greate toe where
w=th= he writ her name w=th= her consent, haueinge a pap in his
hand as she thought &amp; further a month since beeinge the thancks
giueinge day she went to Prior and asked him for some wry
w=ch= denied and the spirit asked her if he gaue her any She told
him no he answeared he had as good and w=th=in 3 or 4 days
after, the man died very strangely, and at a nother time she
found a <emendation>cist</emendation> in <comment type="editor">...</comment> yard w=ch= the dog desired and she gaue it
him. <foreign>billa vera.</foreign> </nonSpeech>
   <nonSpeech>Anna Driuer. the wife of francis <foreign>vt ante nihil confite</foreign> .</nonSpeech>
   <nonSpeech>Ailicea <foreign>vxor</foreign> Rich. Glamfield <foreign>de eade~ nihil               
confitetur</foreign> .</nonSpeech>
   <nonSpeech>Margerie Blaks <foreign>de eade~ vt ante nihil confitetur</foreign> .</nonSpeech>
   <nonSpeech>Ellen Bishop, Rosa Clamfield, Tho Clarke, Marierie Blake <foreign>de
eadem omnes vt ante non confitet</foreign> .</nonSpeech>
   <nonSpeech>Rebecca Prick de Belstead <foreign>vxor</foreign> Will <foreign>vt ante</foreign> , after     
fower days,
confessed she had 2 imps and that she had entered a couenant
and enterteined the imps after. <foreign>vera.</foreign> </nonSpeech>
   <nonSpeech>Anna Wright of Stradbrooke. <foreign>vera.</foreign> </nonSpeech>
   <nonSpeech>Jane Riuet of Cobduck. <foreign>vera.</foreign> </nonSpeech>
   <nonSpeech>Mary Godard of Belstead. <foreign>vera.</foreign> </nonSpeech>
   <nonSpeech>Susan Manners de Copduck <foreign>vt ant</foreign> , after watchinge fro~ munday 
vntill weddensday she confessed that she had received 2 imps sis
&amp; kate fro~ her grandmother and that she cryed out if her 
grandmother for destryinge her selfe &amp; all her kindered. <foreign>teste.</foreign>  
Rob.
Hitchcock that these imps succed her. <foreign>test</foreign> Tho. Bull.</nonSpeech>
<pagebreak id="313" />
   <nonSpeech>Alice Muntford <foreign>vt ante de eade~</foreign> against her it wast testified
by the searchers that Mother Philips and Mother Mills sayd that
some teats that weare found about her weare witches markes.</nonSpeech>
   <nonSpeech>Mary Skipper <foreign>de eade~ vt ante</foreign> , that after watchinge fro~   
munday
vntill weddesday she confessed that deuill appeared vnto her
in the shape of a man after her husbands death and told if she
wold enter a couenant w=th= him he wold pay her debts and he
wold carrie her to heauen and that she shold neuer want, w=ch=
she did &amp; sined it w=th= her blod, and that he left her 3 imps and
that she imployed one to kill Ianes child and killed it, &amp; that the
deuill bad her goe church and make a greate show but if she
attended diligently he wold nip her she felt of a weake after and
that the deuill haue constantly had the use of her euer since, but
she felt him allways cold. <foreign>teste.</foreign> Robt Hitchcok, <foreign>vera</foreign> Rebecca
<emendation>U</emendation>stwod.</nonSpeech>
   <nonSpeech>Judith Kettle of flowto~ post watch. confessed she had fower
imps tit, gray, tray, rob, &amp; th=t= she succled these imps 7 yeare.
<foreign>vera. teste</foreign> the <comment type="editor">...</comment> </nonSpeech>




  </dialogueText>
</dialogueDoc>