<?xml version="1.0" encoding="ISO-8859-1"?>

<!DOCTYPE dialogueDoc SYSTEM "dialogueDoc.dtd" >

<?xml-stylesheet type="text/xsl" href="dialogueWebRender.xsl"?>


<dialogueDoc id="D4TGILES">
  <dialogueHeader>

    <filename>D4TGILES</filename>

    <identifier>4 TRIAL D4TGILES</identifier>

    <title>TRYAL OF JOHN GILES</title>

    <author>unknown</author>

    <subperiod>4: 1680-1719</subperiod>

    <speechPubDate>4: 1680/1681</speechPubDate>

    <contemporaneity sourceDate="SAME">Source text dates from same year as the first printing / original speech event</contemporaneity>

    <textType typeCode="TRIAL">Trial proceedings</textType>

    <textBibliography>
      <attribution type="NULL"></attribution>
      <frontMatter>THE TRYAL OF JOHN GILES AT THE SESSIONS HOUSE IN THE OLD
BAYLY: HELD BY ADJOURNMENT FROM THE 7TH DAY OF JULY, 1680, UNTIL THE 
14TH DAY OF THE SAME MONTH. THE ADJOURNMENT BEING APPOINTED ON PURPOSE
FOR THE SAID GILES HIS TRIAL, FOR A BARBAROUS AND INHUMANE ATTEMPT, TO 
ASSASSINATE AND MURTHER JOHN ARNOLD ESQ; ONE OF THE JUSTICES OF PEACE
FOR THE COUNTY OF MONMOUTH, AND NOW A MEMBER OF THE HONOURABLE HOUSE
OF COMMONS. 
MADE PUBLICK BY VERTUE OF AN ORDER OF THE LORDS SPIRITUAL AND  
TEMPORAL, IN PARLIAMENT ASSEMBLED.
LONDON, PRINTED BY THOMAS JAMES FOR RANDAL TAYLOR, AND BY HIM SOLD AT
HIS HOUSE NEAR STATIONERS HALL: 
1681.
PP. 18.31 - 42.22
      </frontMatter>
    </textBibliography>
  </dialogueHeader>


  <dialogueText>
    

<pagebreak id="18" />
   <nonSpeech> <font>Recorder.</font> </nonSpeech><dialogue> Mr. <font>Arnold</font> I would know one thing,
will you undertake to Swear positively that this
Person was one of the Persons who stept before you?
Will you take it upon your Oath, That the Person, the
Prisoner at the Bar, went before you?
   </dialogue><nonSpeech>Mr. <font>Arnold.</font> </nonSpeech><dialogue> I will take it upon my Oath as far as
a Man can do, for one Man, 'tis possible, may be
like another both by his Voice and his Face; I can
Swear I believe he is the man.
   </dialogue><nonSpeech>Mr. <font>Thompson.</font> </nonSpeech><dialogue> You are Satisfied upon the first Sight
<pagebreak id="19" />
that you had of him in the Countrey, that he was the
Man.
   </dialogue><nonSpeech>Mr. <font>Arnold.</font> </nonSpeech><dialogue> Yes Sir, and he can tell you that by a
very good token, for I had like to have run him
through.
   </dialogue><nonSpeech> <font>Recorder.</font> </nonSpeech><dialogue> We must not expect that there can be
exact and positive Proof, for men that commit Offences
of this Impudent Nature, don't usually call Witnesses
to be present to see them done; therefore we would
come as near as we can to Circumstances, whereby
a Fact of such a Nature is to be proved. Mr. <font>Arnold</font> ,
Do you believe that the Prisoner at the Bar was one
of the Persons that went before you in <font>Bell-Yard</font> .
   </dialogue><nonSpeech>Mr. <font>Arnold.</font> </nonSpeech><dialogue> Upon my Conscience I do believe he
was the Man.
   </dialogue><nonSpeech> <font>Recorder.</font> </nonSpeech><dialogue> What a Clock was it?
   </dialogue><nonSpeech>Mr. <font>Arnold.</font> </nonSpeech><dialogue> About Eleven a Clock, or between Ten
and Eleven.
   </dialogue><nonSpeech> <font>Recorder.</font> </nonSpeech><dialogue> When the Link came there, was there
Three, and do you believe by the Light you had
by the Link that that was one of the Persons that
was there.
   </dialogue><nonSpeech>Mr. <font>Arnold.</font> </nonSpeech><dialogue> I saw his Face and Habit, and believe
he was.
   </dialogue><nonSpeech> <font>Recorder.</font> </nonSpeech><dialogue> What Habit had he on?
   </dialogue><nonSpeech>Mr. <font>Arnold.</font> </nonSpeech><dialogue> He had a Grey Cloak, a Compaign
Cloak and a Coat, I think Lin'd with Red. It is
impossible to give an Account of every particular
under those Circumstances I was in.
   </dialogue><nonSpeech> <font>Recorder.</font> </nonSpeech><dialogue> It is not to be expected that a man under
your Circumstances, should be extraordinary precise
in Circumstances; therefore it is I asked you, that
according to the best of your Apprehension, you might
acquaint the Court with those Circumstances that
may be remembred by the Jury, that they may see
there be no Injury done to the Prisoner at the Bar;
but that Right be done on both sides, and that in
every Circumstance.
   </dialogue><nonSpeech>Mr. <font>Holt.</font> </nonSpeech><dialogue> Now Sir we will call Mr. <font>Phillips</font> , with
whom he had this Discourse the next day.
<pagebreak id="20" />
   </dialogue><nonSpeech> <font>Recorder.</font> </nonSpeech><dialogue> Will the Prisoner ask him any Questions?
   </dialogue><nonSpeech> <font>Prisoner.</font> </nonSpeech><dialogue> Truly Mr. <font>Arnold</font> knew me in
<font>Monmouth-shire</font> , and knew me as well as any man in the City.
   </dialogue><nonSpeech> <font>Recorder.</font> </nonSpeech><dialogue> Did you not very well know him?
   </dialogue><nonSpeech>Mr. <font>Arnold.</font> </nonSpeech><dialogue> It is very possible I might see him, and
often at Assizes and Sessions, but not to know him, 
nor did ever know whether his Name were <font>Giles</font> , or
what it was. Your Lordship sees many Persons here
and often, and it's possible do not know them; he
lives I think a Dozen Miles from me.
   </dialogue><nonSpeech> <font>Prisoner.</font> </nonSpeech><dialogue> That's a wonder; If it please you, Sir, my
Wife is a near Relation to you, both by Father and
Mother, and I have spoken with you in your
Chamber.
   </dialogue><nonSpeech>Mr. <font>Arnold.</font> </nonSpeech><dialogue> 'Tis possible she may, but I do not
know it.

</dialogue> <head>STEPHEN PHILLIPS.</head> 

   <nonSpeech>Mr. <font>Holt.</font> </nonSpeech><dialogue> Pray Mr. <font>Phillips</font> give an Account of what
Discourse you had with <font>Giles</font> the day after the
business was done.
   </dialogue><nonSpeech>Mr. <font>Phillips.</font> </nonSpeech><dialogue> We went to the Tavern, and drank
Two or Three Bottles of Wine, and we had some
Discourse concerning Mr. <font>Arnold</font> ; it was about Eight
or Nine a Clock in the Evening the next day. Some
Discourse happen'd concerning his miserable
Condition, and how he was hurt, and of that Nature.
   </dialogue><nonSpeech> <font>Recorder.</font> </nonSpeech><dialogue> How many was there in Company?
   </dialogue><nonSpeech>Mr. <font>Phillips.</font> </nonSpeech><dialogue> One or Two more.
   </dialogue><nonSpeech> <font>Recorder.</font> </nonSpeech><dialogue> What House?
   </dialogue><nonSpeech>Mr. <font>Phillips.</font> </nonSpeech><dialogue> At the <font>Crown Tavern</font> in <font>New-street</font> in
<font>Covent Garden</font> , and among the rest Mr. <font>Giles</font> was
talking of it, and said he, <font>God Dam him, God Rot him,
he had Armour on</font> , the word was, <font>God Dam him</font> , or, <font>God
Rot him, he had Armour on; they say</font> .
   </dialogue><nonSpeech>Mr. <font>Holt.</font> </nonSpeech><dialogue> What time of Night was that?
   </dialogue><nonSpeech>Mr. <font>Phillips.</font> </nonSpeech><dialogue> As near as I can remember, it was
about Eight or Nine the next day in the Evening.
   </dialogue><nonSpeech>Mr. <font>Thompson.</font> </nonSpeech><dialogue> The very words that Mr. <font>Arnold</font>
Swears when they went to Cut his Throat.
<pagebreak id="21" />
   </dialogue><nonSpeech> <font>Prisoner.</font> </nonSpeech><dialogue> My Lord, If you please, there was Mr.
<font>Phillips</font> , and another, and I spake nothing but what
I heard as News, that they had killed him if he had
not on Armour.
   </dialogue><nonSpeech> <font>Recorder.</font> </nonSpeech><dialogue> For that matter Mr. <font>Giles</font> , you shall
have your time, and you may call up other Witnesses,
but the Gentleman positively Swears you said these
words; and if so, I'll assure you, it does not look
as if you were a Kin to him, or your Wife 
either.

</dialogue> <head>WALTER WATKINS.</head> 
 
   <nonSpeech>Mr. <font>Holt.</font> </nonSpeech><dialogue> Mr, <font>Watkins</font> . What did you hear that
<font>Giles</font> should say in <font>Glocester-shire</font> about this Business?
   </dialogue><nonSpeech>Mr. <font>Thompson.</font> </nonSpeech><dialogue> What said he about this business of
Mr. <font>Arnold</font> ?
   </dialogue><nonSpeech>Mr. <font>Watkins.</font> </nonSpeech><dialogue> My Lord, All I can say is this, I being
at the Stating some Accounts between Mr. <font>John Giles</font>
and Mr. <font>Richmond</font> : I asked Mr. <font>Giles</font> for some 
Horse-hair to make a Fishing-line. Mr <font>Giles</font> replyed, <font>That
he had left very good Hair for me at a Farriers in</font> 
Glocester, <font>for he and Mr.</font> Herbert Jones <font>made such haste
through the Town of</font> Glocester <font>that they did not call for
the Horse-hair</font> . I asked Mr. <font>Giles</font> what was the
occasion of his haste? Said he, <font>For fear we shou'd be stopt in
our Journey, as suspected to be concerned in Mr.</font> Arnold's
<font>Business</font> .
   </dialogue><nonSpeech> <font>Recorder.</font> </nonSpeech><dialogue> What time was that?
   </dialogue><nonSpeech>Mr. <font>Watkins.</font> </nonSpeech><dialogue> About the 5th of <font>May</font> .

</dialogue> <head>GEORGE RICHMOND.</head>  

   <nonSpeech>Mr. <font>Holt,</font> </nonSpeech><dialogue> Mr. <font>Richmond</font> , What can you say
concerning this thing?
   </dialogue><nonSpeech>Mr. <font>Richmond.</font> </nonSpeech><dialogue> I desired Mr. <font>Giles</font> to meet me, that
we might even our Accounts, and upon the 5th of
<font>May</font> last he met me, and I desired Mr. <font>Watkins</font> to be
present as a Witness.
   </dialogue><nonSpeech> <font>Recorder.</font> </nonSpeech><dialogue> Where was it.?
<pagebreak id="22" />
   </dialogue><nonSpeech>Mr. <font>Richmond.</font> </nonSpeech><dialogue> At <font>Uske</font> , And as we were making
up the Account, said Mr. <font>Watkins</font> to Mr. <font>Giles</font> , <font>Where
is the Horse-hair you promised me to make Fishing-lines</font> ?
<font>Giles</font> replyed, He left very good Horse-hair at a
Farriers in <font>Glocester</font> : And he asked him why he left
it? He said he made hast for fear of being taken and
stopt for Mr. <font>Arnold's</font> business. I cannot say whether
he call'd him Esq; <font>Arnold</font> , or Mr. <font>Arnold</font> , or what; he
seldom used to give him so good words.

</dialogue> <head>WALTER POWEL.</head>  

   <nonSpeech>Mr. <font>Holt.</font> </nonSpeech><dialogue> What do you know concerning <font>Giles's</font> 
being at the Cutlers?
   </dialogue><nonSpeech>Mr. <font>Powel.</font> </nonSpeech><dialogue> If it please you, Sir, <font>I</font> was at the       
Cutlers.
   </dialogue><nonSpeech> <font>Recorder.</font> </nonSpeech><dialogue> Name the time when, and the place
where.
   </dialogue><nonSpeech> <font>Powel.</font> </nonSpeech><dialogue> The 5th of <font>May</font> , at a place called <font>Uske</font> in
<font>Monmouthshire</font> , Mr. <font>Giles</font> and <font>I</font> , we came there, and
Mr. <font>Giles</font> asked <font>Peter Darcy</font> , Whether he would mend
him that Sword or no? But Mr. <font>Darcy</font> had some
business that he could not get time to mend it that
morning, but would do it in the afternoon. Says <font>Darcy</font> ,
Where have you been, you have been hot at it? What
have you been Fighting with the Devil? No, said he,
with damn'd <font>Arnold</font> .
   </dialogue><nonSpeech> <font>Recorder.</font> </nonSpeech><dialogue> What did you say when the Cutler asked
him, Whether he had been fighting with the Devil?
and he said again no, not with the Devil, but with
damn'd <font>Arnold</font> ?
   </dialogue><nonSpeech> <font>Powel.</font> </nonSpeech><dialogue> <font>Peter Darcy</font> said he must not speak such
words, and <font>Giles's</font> Wife pluckt him by the Coat and
bid him hold his Tongue.
   </dialogue><nonSpeech>Mr. <font>Darnal.</font> </nonSpeech><dialogue> Who was by?
   </dialogue><nonSpeech> <font>Powel.</font> </nonSpeech><dialogue> There was one <font>Peter Darcy</font> .
   </dialogue><nonSpeech>Mr. <font>Darnal.</font> </nonSpeech><dialogue> Was one <font>John Jones</font> there?
   </dialogue><nonSpeech> <font>Powel.</font> </nonSpeech><dialogue> I think there was another indeed by the
Apprentice.
   </dialogue><nonSpeech> <font>Recorder.</font> </nonSpeech><dialogue> There was the Apprentice, but he does
not know his Name, and <font>Darcy</font> , and <font>Giles</font> , and his
Wife.
<pagebreak id="23" />
</dialogue> <head>WILLIAM RICHMOND.</head> 

   <nonSpeech>Mr. <font>Holt.</font> </nonSpeech><dialogue> What did you hear <font>Giles</font> say about the
Rapier?
   </dialogue><nonSpeech> <font>William Richmond.</font> </nonSpeech><dialogue> He asked me in the Afternoon
before Mr. <font>Arnold</font> was hurt, Where he might buy
a very good Rapier? <font>I</font> told him <font>I</font> could not tell,
He had then a good Back-Sword in the House.
   </dialogue><nonSpeech>Mr. <font>Gibbs.</font> </nonSpeech><dialogue> Tell the Court what Acquaintance
<font>Giles</font> had with Father <font>Lewis</font> the Jesuite since
Executed.
   </dialogue><nonSpeech> <font>William Richmond.</font> </nonSpeech><dialogue> My Lord he told me he wou'd
go to the Executioner and perswade him not to
Execute Mr. <font>Lewis</font> , but <font>I</font> had the Executioner lockt
up, and <font>I</font> would not suffer him; but <font>I</font> did see him
very active at the Execution, a dipping cloaths in <font>Lewis</font>
his Blood.
   </dialogue><nonSpeech>Mr. <font>Thompson.</font> </nonSpeech><dialogue> What do you say as to his coming
to his Lodging?
   </dialogue><nonSpeech>Mr. <font>Richmond.</font> </nonSpeech><dialogue> We went to several places that day,
and at Eight or Nine, or between Eight and Nine,
we came to the <font>Kings Arms</font> in St. <font>Martins-lane</font> , and <font>I</font>
left him at the Kitchin Fire, and went up into the
Chamber, and drank a considerable quantity of
drink; and as near as I can guess, it was between
Twelve and One a Clock before he came to his Bed:
for after I was going to Bed, about One of the Clock,
I heard <font>John Giles</font> come up the Stairs, and bid me
Good-night; he called at my door just as I was
pulling off my Breeches to go into Bed.
   </dialogue><nonSpeech> <font>Recorder.</font> </nonSpeech><dialogue> What time was this?
   </dialogue><nonSpeech> <font>William Richmond.</font> </nonSpeech><dialogue> As near as I can guess it was
between Twelve and One, or very near One.
   </dialogue><nonSpeech> <font>Recorder.</font> </nonSpeech><dialogue> At what House was it?
   </dialogue><nonSpeech> <font>William Richmond.</font> </nonSpeech><dialogue> The <font>Kings Arms</font> in St. 
<font>Martins-lane</font> .
   </dialogue><nonSpeech> <font>Recorder.</font> </nonSpeech><dialogue> What did you say when the Maid was
making the Bed.
   </dialogue><nonSpeech> <font>William Richmond.</font> </nonSpeech><dialogue> I asked her who it was for? And
<pagebreak id="24" />
she said for a Man that was not willing to lie with
any Body.
   </dialogue><nonSpeech> <font>Recorder.</font> </nonSpeech><dialogue> What time did you come to the House?
   </dialogue><nonSpeech> <font>Will. Richmond.</font> </nonSpeech><dialogue> About Nine.
   </dialogue><nonSpeech> <font>Record.</font> </nonSpeech><dialogue> Did you stay in that House till that time?
   </dialogue><nonSpeech> <font>Will. Richmond.</font> </nonSpeech><dialogue> I lay in the House Sir.
   </dialogue><nonSpeech> <font>Record.</font> </nonSpeech><dialogue> You were not out of the House all the
while?
   </dialogue><nonSpeech> <font>Will. Richmond.</font> </nonSpeech><dialogue> No Sir, I was not out of it.
   </dialogue><nonSpeech> <font>Record.</font> </nonSpeech><dialogue> And you are sure that you did not see him
again till he came to your door going to Bed?
   </dialogue><nonSpeech> <font>Will. Richmond.</font> </nonSpeech><dialogue> Yes Sir.
   </dialogue><nonSpeech> <font>Record.</font> </nonSpeech><dialogue> What time was that?
   </dialogue><nonSpeech> <font>Will. Richmond.</font> </nonSpeech><dialogue> Nigh One.
   </dialogue><nonSpeech>Mr. <font>Thompson.</font> </nonSpeech><dialogue> You see the Contradiction between
this, and what this Fellow says upon his
Examination, where he says he was a-bed at Nine a Clock.
   </dialogue><nonSpeech> <font>Record.</font> </nonSpeech><dialogue> Where did you go at that time?
   </dialogue><nonSpeech> <font>Will. Richmond.</font> </nonSpeech><dialogue> We went to <font>Long-lane</font> to one
<font>Philpots</font> , and she told us her Husband was gone to
Exercise at the next Church; I do not know the
Churche's Name, and there we went and looked
upon the Souldiers, but did not see him. We came
back to his House again, and the Gentlewoman gave
us a Tankard of Beer, or Ale. And after that we went
back, and we had a mind to make sport with a
Countrey Fellow we had with us, and went into
<font>Whetstones-Park</font> , from thence we went to the <font>Helmet</font> in
<font>Drury-lane</font> .
   </dialogue><nonSpeech> <font>Record.</font> </nonSpeech><dialogue> You went to <font>Whetstones Park</font> , and what did
you spend there?
   </dialogue><nonSpeech> <font>VVill. Richmond.</font> </nonSpeech><dialogue> Six Pence and he paid it.
   </dialogue><nonSpeech> <font>Record.</font> </nonSpeech><dialogue> Whether did you go from thence?
   </dialogue><nonSpeech> <font>Will. Richmond.</font> </nonSpeech><dialogue> Into <font>Drury-lane</font> .
   </dialogue><nonSpeech> <font>Record.</font> </nonSpeech><dialogue> How long did you stay in <font>Drury-lane</font> ?
   </dialogue><nonSpeech> <font>VVill. Richmond.</font> </nonSpeech><dialogue> It was not long Sir, about an hour.
   </dialogue><nonSpeech> <font>Record.</font> </nonSpeech><dialogue> Where after that?
   </dialogue><nonSpeech> <font>VVill. Richmond.</font> </nonSpeech><dialogue> From thence to the <font>Peacock</font> and staid
till Eight or Nine.
   </dialogue><nonSpeech> <font>Record.</font> </nonSpeech><dialogue> Who did you meet withall between your 
<pagebreak id="25" />
going from the <font>Helmet</font> in <font>Drury-lane</font> to the <font>Peacock</font> ?
   </dialogue><nonSpeech> <font>Will. Richmond.</font> </nonSpeech><dialogue> We met with one <font>Powel</font> and
another, and one <font>Elizabeth Edwards</font> .
   </dialogue><nonSpeech> <font>Record.</font> </nonSpeech><dialogue> What did you drink there?
   </dialogue><nonSpeech> <font>Will. Richmond,</font> </nonSpeech><dialogue> We did drink both Ale and
Brandy.
   </dialogue><nonSpeech> <font>Record.</font> </nonSpeech><dialogue> Well said, how long did you stay there?
   </dialogue><nonSpeech> <font>VVill. Richmond,</font> </nonSpeech><dialogue> We staid there a pretty while, an
hour or more, or two hours.
   </dialogue><nonSpeech> <font>Record.</font> </nonSpeech><dialogue> What time of Night was it that you went
from thence?
   </dialogue><nonSpeech> <font>VVill. Richmond,</font> </nonSpeech><dialogue> About Eight or Nine.
   </dialogue><nonSpeech> <font>Record.</font> </nonSpeech><dialogue> And then you went to your Lodgings?
   </dialogue><nonSpeech> <font>VVill. Richmond,</font> </nonSpeech><dialogue> Yes.
   </dialogue><nonSpeech> <font>Record.</font> </nonSpeech><dialogue> Did you Drink at the <font>Kings Arms</font> ?
   </dialogue><nonSpeech> <font>VVill. Richmond,</font> </nonSpeech><dialogue> No, we drank not all together.
   </dialogue><nonSpeech> <font>Record.</font> </nonSpeech><dialogue> And there you stay'd till Twelve or One
a Clock?
   </dialogue><nonSpeech> <font>Will. Richmond,</font> </nonSpeech><dialogue> Yes.
   </dialogue><nonSpeech> <font>Record.</font> </nonSpeech><dialogue> But can you remember, as near as you
can guess what time was it you saw this Maid
making of the Bed?
   </dialogue><nonSpeech> <font>Will. Richmond,</font> </nonSpeech><dialogue> I cannot say positively, but I judge
it was about Twelve a Clock.
   </dialogue><nonSpeech>Mr. <font>Thompson,</font> </nonSpeech><dialogue> As to that Circumstance of his
coming home at Twelve at Night, desire Mr. <font>Arnold</font> to
give an Account of his Examination, what time of
Night he came to his Lodging.
   </dialogue><nonSpeech>Mr. <font>Holt,</font> </nonSpeech><dialogue> Do you believe that is <font>John Giles's</font> hand?
   </dialogue><nonSpeech> <font>Record,</font> </nonSpeech><dialogue> That is a Copy.
   </dialogue><nonSpeech>Mr. <font>Arnold.</font> </nonSpeech><dialogue> He did confess before a Justice of the
Peace that he was at his Lodging at Ten a Clock:
This I heard him say, and I believe he won't deny
it; and I heard him own this Examination; my Man
will prove it.
   </dialogue><nonSpeech> <font>Prisoner,</font> </nonSpeech><dialogue> Deny it? Yes I will deny it, there was
no such word said: I did say, Mr. <font>Arnold</font> , I went
to Bed then.
   </dialogue><nonSpeech> <font>Att. Gen.</font> </nonSpeech><dialogue> The Jury must take notice of this, That
upon his Examination, he says, he came home by
<pagebreak id="26" />
Nine; which is before the thing was done: but by
proof he did not come in till Twelve, which was
after the thing was done.
   </dialogue><nonSpeech>Mr. <font>Holt,</font> </nonSpeech><dialogue> We will give you now Gentlemen an
Account of this Mans Principles.
   </dialogue><nonSpeech> <font>Record.</font> </nonSpeech><dialogue> This is the business, <font>Richmond</font> says, They
came together to their Lodging before Night, but
he left him at the Kitchin-Fire, and went into
another Room to drink with some company; and this
Mr. <font>Richmond</font> says his Bed was not made till Twelve
a Clock, and that he himself went to Bed about
One of the Clock, and that he heard the Prisoner
at the Bar while he was pulling off his Breeches,
call to him, and therefore he took notice of that as
a Circumstance; that he does particularly
remember he did not go to Bed till that time; and he says
he did not stir from that place after Nine a Clock.
   </dialogue><nonSpeech>Mr. <font>Thompson,</font> </nonSpeech><dialogue> There is a Contradiction in that.
   </dialogue><nonSpeech> <font>Record.</font> </nonSpeech><dialogue> There is no Contradiction: The other
Witness says that he came along with him at Nine a
Clock.
   </dialogue><nonSpeech>Mr. <font>Thompson,</font> </nonSpeech><dialogue> I will tell you where this is a
Contradiction.
   </dialogue><nonSpeech> <font>Att. General,</font> </nonSpeech><dialogue> He says he came to the House at Nine
a Clock, but he came not to Bed till after One.
   </dialogue><nonSpeech> <font>Record.</font> </nonSpeech><dialogue> The Evidence does not go so far:
<font>Richmond</font> says they came to the <font>Kings-Arms</font> , and left
him in the Kitchin at Nine a Clock, and he went
into his Chamber and staid up till One, and all that
time he did not come to Bed.
   </dialogue><nonSpeech>Mr. <font>Thompson,</font> </nonSpeech><dialogue> So far it lies upon him to give an
Account where he was between Nine and Twelve.

</dialogue> <head>BRIDGES.</head> 

   <nonSpeech>Mr. <font>Holt,</font> </nonSpeech><dialogue> Heark you Sir, have you had any
Discourse with <font>Giles</font> concerning the Plot, and
concerning the Lords in the Tower? And what did he say
to you?
<pagebreak id="27" />
   </dialogue><nonSpeech>Mr. <font>Bridges,</font> </nonSpeech><dialogue> I had some Discourse with him
concerning the Papists, he said that it was the best
Religion, and that those that were not of that
Religion should be Damn'd: I alledged against him, and
told him the contrary: I thought not. Can it be
such a Religion said I, that will Act such things
against the King and the Government? Says he, If
any says there is such a Plot against the King or the
Government, he is a Rogue, and a Thief.
   </dialogue><nonSpeech>Mr. <font>Holt,</font> </nonSpeech><dialogue> What did he say of the Lords in the
<font>Tower</font> ?
   </dialogue><nonSpeech> <font>Bridges,</font> </nonSpeech><dialogue> Nothing more.
   </dialogue><nonSpeech> <font>Giles,</font> </nonSpeech><dialogue> How long ago was this?
   </dialogue><nonSpeech> <font>Record.</font> </nonSpeech><dialogue> When was this?
   </dialogue><nonSpeech> <font>Bridges,</font> </nonSpeech><dialogue> This was, my Lord, about a Twelve Month
ago.
   </dialogue><nonSpeech>Mr. <font>Thompson,</font> </nonSpeech><dialogue> Did he speak any thing to you
further concerning the Plot?
   </dialogue><nonSpeech> <font>Bridges,</font> </nonSpeech><dialogue> Not further.
   </dialogue><nonSpeech> <font>Giles,</font> </nonSpeech><dialogue> My Lord, I beseech you I may speak to this
man, Do you hear, Sir, Were not these the words
that I said when you charged me to be a Papist, That
I knew of no Popish Plot, and they that said I was
a Papist, or knew any of the Plot, were Rogues or
Whores, or worse.
   </dialogue><nonSpeech> <font>Bridges,</font> </nonSpeech><dialogue> You said thus, That the Papists were the
best Religion, and that those that were not of that
Religion were Damn'd.
   </dialogue><nonSpeech> <font>Giles,</font> </nonSpeech><dialogue> Have not you been a Papist Sir?
   </dialogue><nonSpeech> <font>Bridges,</font> </nonSpeech><dialogue> I am not now.
   </dialogue><nonSpeech> <font>Giles,</font> </nonSpeech><dialogue> Will you say that I am a Papist?
   </dialogue><nonSpeech> <font>Bridges,</font> </nonSpeech><dialogue> I say you defended it so much I thought
you were. Said I, I wonder it being such a good
Religion, that they vvould offer to Act such a thing
against the King and Government. Said he, He that
says this Plot is Acted by the Papists, is a Rogue and
a Thief.
   </dialogue><nonSpeech> <font>Giles,</font> </nonSpeech><dialogue> How long ago is this?
   </dialogue><nonSpeech> <font>Bridges,</font> </nonSpeech><dialogue> A Twelve Month ago; you remember it
well enough; you remember when you sent for me
to the <font>George</font> .
<pagebreak id="28" />
</dialogue> <head>WALTER MOOR.</head> 

   <nonSpeech>Mr. <font>Holt,</font> </nonSpeech><dialogue> What discourse have you had with him
concerning the Plot.
   </dialogue><nonSpeech>Mr. <font>Thompson,</font> </nonSpeech><dialogue> What has he said about it?
   </dialogue><nonSpeech> <font>Moor,</font> </nonSpeech><dialogue> He said, If the Lords in the Tower were
Executed, there would be a greater War than ever was
in <font>England</font> ; and swore that if these Lords were put
to death, it would cost more Blood then ever was spilt.
And I asked him again, Why they should not be put 
to death if they should deserve it? For if a poor Man
had done such a Fault, he would be hanged out of
the way presently. He said again, They did not deserve
it, for there was no Plot at all.
   </dialogue><nonSpeech> <font>Giles,</font> </nonSpeech><dialogue> Pray Sir, Who was with you when you say
I said these words?
   </dialogue><nonSpeech> <font>Moor,</font> </nonSpeech><dialogue> I was at <font>George Taylers</font> House.
   </dialogue><nonSpeech> <font>Giles,</font> </nonSpeech><dialogue> Did not you say that <font>George Tayler</font>
discoursed this with you?
   </dialogue><nonSpeech>Mr. <font>Thompson,</font> </nonSpeech><dialogue> Is this the man that spake it, upon
your Oath?
   </dialogue><nonSpeech> <font>Moor,</font> </nonSpeech><dialogue> Yes this was the man.
   </dialogue><nonSpeech> <font>Giles,</font> </nonSpeech><dialogue> What did <font>Tayler</font> say to you? Do you think
my Lord, I would say such a thing to such a man
as this is?
   </dialogue><nonSpeech> <font>Recorder,</font> </nonSpeech><dialogue> Do you hear Mr. <font>Giles</font> , for that matter
it is not the question, the man has sworn it, except
the Jury know of their own knowledge that the man
is perjured, he is not so as to me.
   </dialogue><nonSpeech> <font>Moor,</font> </nonSpeech><dialogue> It is the first time that I ever took an Oath.

</dialogue> <head>MR. REYNOLD.</head> 

   <nonSpeech>Mr. <font>Holt,</font> </nonSpeech><dialogue> Mr. <font>Reynold</font> , What have you heard <font>Giles</font>
say concerning Mr. <font>Arnold</font> ?
   </dialogue><nonSpeech> <font>Reynold,</font> </nonSpeech><dialogue> Sir I vvas in Company vvith <font>John Giles</font>
and another, and vve had discourse concerning one
<font>Arnold</font> , and <font>John Giles</font> said --
<pagebreak id="29" />
   </dialogue><nonSpeech> <font>Recorder,</font> </nonSpeech><dialogue> What was that?
   </dialogue><nonSpeech> <font>Reynold,</font> </nonSpeech><dialogue> I being in company with him, we fell
in Discourse about Justice <font>Arnold</font> , how he was
Wounded.
   </dialogue><nonSpeech> <font>Record.</font> </nonSpeech><dialogue> Where was it?
   </dialogue><nonSpeech> <font>Reyn.</font> </nonSpeech><dialogue> In <font>Monmouthshire</font> , at <font>Langoone</font> , the      
second day
of <font>May</font> : <font>John Giles</font> answered us, That he could not
see but he wounded himself.
   </dialogue><nonSpeech> <font>Recorder,</font> </nonSpeech><dialogue> What day do you say?
   </dialogue><nonSpeech> <font>Reynold</font> </nonSpeech><dialogue> The Second day of <font>May</font> .
   </dialogue><nonSpeech> <font>Recorder.</font> </nonSpeech><dialogue> He did Discourse the 5th day of <font>May</font> at
<font>Uske</font> , I would faign know when he came through
<font>Glocester</font> .
   </dialogue><nonSpeech>Mr. <font>Thompson,</font> </nonSpeech><dialogue> What did he say about Mr. <font>Arnold</font> ?
   </dialogue><nonSpeech> <font>Reynold,</font> </nonSpeech><dialogue> He thought that he wounded himself,
says his Wife, How could he wound himself in his
Arms? Said he, It was himself or some of his Friends.
   </dialogue><nonSpeech> <font>Recorder.</font> </nonSpeech><dialogue> Or some of his Relations.
   </dialogue><nonSpeech> <font>Reynold.</font> </nonSpeech><dialogue> Some of his Friends.

</dialogue> <head>MR. HOBBS.</head> 

   <nonSpeech>Mr. <font>Thompson,</font> </nonSpeech><dialogue> Mr. <font>Hobbs</font> , Pray tell how you found
Mr. <font>Arnold</font> when he was Wounded.
   </dialogue><nonSpeech>Mr. <font>Hobbs,</font> </nonSpeech><dialogue> I found Mr. <font>Arnold</font> Bleeding.
   </dialogue><nonSpeech>Mr. <font>Thompson,</font> </nonSpeech><dialogue> Tell what Wounds there were.
   </dialogue><nonSpeech>Mr. <font>Hobbs,</font> </nonSpeech><dialogue> Two in his Arm, Two others upon
the Face, another upon the Throat, which bled very
much; another two upon the Breast, and one in
the Belly.
   </dialogue><nonSpeech>Mr. <font>Thompson,</font> </nonSpeech><dialogue> What depth might that be?
   </dialogue><nonSpeech>Mr. <font>Hobbs,</font> </nonSpeech><dialogue> Two Inches and an half long.
   </dialogue><nonSpeech>Mr. <font>Thompson,</font> </nonSpeech><dialogue> Where else?
   </dialogue><nonSpeech>Mr. <font>Hobbs,</font> </nonSpeech><dialogue> There was another upon his Breast.
   </dialogue><nonSpeech>Mr. <font>Thompson,</font> </nonSpeech><dialogue> What depth?
   </dialogue><nonSpeech>Mr. <font>Hobbs,</font> </nonSpeech><dialogue> They were not very deep, but there
was one upon the Belly Six Inches and an half; there
was Two through his Arm, and a Wound and
several Bruises in his Head.
<pagebreak id="30" />
   </dialogue><nonSpeech>Mr. <font>Thompson,</font> </nonSpeech><dialogue> This is likely to be a fine Contrivance,
that he should do it himself, as likely as that Sir
<font>Edmundbury Godfrey</font> put his own Sword through his
Body after his Neck was broke. </dialogue><nonSpeech>A great shout given.</nonSpeech>
   <nonSpeech>L. <font>Mayor</font> </nonSpeech><dialogue> Do you believe a man could wound
himself so?
   </dialogue><nonSpeech>Mr. <font>Hobbs,</font> </nonSpeech><dialogue> No Sir.
   </dialogue><nonSpeech> <font>Record.</font> </nonSpeech><dialogue> I believe a man could do it, but I believe 
a man would not do it to himself.
   </dialogue><nonSpeech>Fifteen or Sixteen Witnesses more for the King,
that were attending in the Court were not Examin'd,
the Court being in some haste, and the King's
Council not pressing to have them Examin'd, there being
so full Evidence: nor was there one word replied
to the Prisoners Witnesses, they being all either
frivolous or contradictory.</nonSpeech><dialogue>
<comment type="compiler">LONG SPEECH OF MR. DARNAL, COUNCIL FOR THE PRISONER, OMITTED.
HE STATES THAT THE EVIDENCE JUST GIVEN BY THE WITNESSES WILL NOW
BE DISPROVED BY THE TESTIMONY OF THE WITNESSES FOR THE DEFENCE.</comment>
<pagebreak id="32" />
</dialogue> <head>MR. PHILPOT.</head> 

   <nonSpeech>Mr. <font>Darnal,</font> </nonSpeech><dialogue> Mr. <font>Philpot</font> , Pray do you Acquaint
my Lord and the Jury, what Discourse past
between you and <font>Giles</font> at the <font>Crown</font> Tavern in <font>Covent
Garden</font> .
   </dialogue><nonSpeech>Mr. <font>Philpot,</font> </nonSpeech><dialogue> We drank one Bottle of <font>Clarret</font> ,
Mr. <font>Phillips</font> came in when the Bottle was almost
ended. But by and by some Friends came in, and
they asked him, What News, Sir? Said he, I hear of
no News but a cruel Assassination upon Mr. <font>Arnold</font> ,
but for my part I am sorry for it: But, said he, if
any thing should be upon Mr. <font>Arnold</font> , it is a very
strange thing.
   </dialogue><nonSpeech>Mr. <font>Darnal,</font> </nonSpeech><dialogue> Were you there all the time Sir?
   </dialogue><nonSpeech>Mr. <font>Phil.</font> </nonSpeech><dialogue> Yes Sir, all the time.
   </dialogue><nonSpeech>Mr. <font>Darnal,</font> </nonSpeech><dialogue> And you heard no other Discourse?
   </dialogue><nonSpeech>Mr. <font>Phil.</font> </nonSpeech><dialogue> No he did not say Dam him, nor Sink
him, for I hate such Company.
   </dialogue><nonSpeech>Mr. <font>Holt,</font> </nonSpeech><dialogue> Mr. <font>John Philpot</font> where do you live?
   </dialogue><nonSpeech>Mr. <font>Philpot,</font> </nonSpeech><dialogue> In <font>Long-lane</font> .
   </dialogue><nonSpeech>Mr. <font>Holt,</font> </nonSpeech><dialogue> What Sign do you live at?
   </dialogue><nonSpeech>Mr. <font>Philpot,</font> </nonSpeech><dialogue> At the <font>Crown</font> .
   </dialogue><nonSpeech>Mr. <font>Holt,</font> </nonSpeech><dialogue> What Trade are you?
   </dialogue><nonSpeech>Mr. <font>Phil.</font> </nonSpeech><dialogue> A <font>Salesman</font> .
   </dialogue><nonSpeech>Mr. <font>Darnal,</font> </nonSpeech><dialogue> Now we will go on to the Discourse
at <font>Uske</font> , about their passing with such speed through
<font>Glocester</font> .
   </dialogue><nonSpeech> <font>Record.</font> </nonSpeech><dialogue> Mr. <font>Darnal</font> , They do not pretend you
were in great fear, but they say you said so. It is
not the Question, Whether you did stay long at
<font>Glocester</font> or no? But the Question is, Whether you told
this man so? Because the man asked you, Why you
would leave the Hair at the Farriers in order to a
Fishing-line? Truly I was in great haste, for fear I
should be taken up about the business of Mr. <font>Arnold</font> .
   </dialogue><nonSpeech>Mr. <font>Darnal,</font> </nonSpeech><dialogue> It is very true, and therefore we bring
this Evidence to shew the Improbability that we
<pagebreak id="33" />
should say any such thing when it was false, and
especially when it was to accuse our selves of a 
Crime.

</dialogue> <head>HERBERT JONES MAYOR OF MONMOUTH.</head> 

   <nonSpeech>Mr. <font>Darnal,</font> </nonSpeech><dialogue> Mr. <font>Jones</font> , Pray give an Account to
the Jury of your passing through <font>Glocester</font> , and how
long you staid there.
   </dialogue><nonSpeech>Mr. <font>Jones,</font> </nonSpeech><dialogue> My Lord, I came with the Prisoner.
   </dialogue><nonSpeech> <font>Record.</font> </nonSpeech><dialogue> What day did you come through <font>Glocester</font> ?
   </dialogue><nonSpeech>Mr. <font>Jones,</font> </nonSpeech><dialogue> I cannot positively tell you the day,
we went out of Town upon Friday, we came to
<font>Glocester</font> , either Wednesday or Friday, and there we
went to the <font>Old-Bear</font> in <font>Glocester</font> , and there staid an
hour before we went to Dinner, it was a publick
time, the Quarterly Sessions, and several People
came to us to hear the News, we told them, and
were as sorry for it as any Persons could be, and
did confess it a very ill thing. We went from the
<font>Old-Bear</font> after we had Din'd to the <font>New-Bear</font> , and
drank several Pints of Cyder. I believe by the Oath
I have taken, we were several hours in the Town.
   </dialogue><nonSpeech>Mr. <font>Milbourn,</font> </nonSpeech><dialogue> Do you know Mr. <font>Arnold</font> is
acquainted with Mr. <font>Giles</font> ?
   </dialogue><nonSpeech>Mr. <font>Jones,</font> </nonSpeech><dialogue> I do believe Mr. <font>Arnold</font> has great
reason to be acquainted with <font>Giles</font> .
   </dialogue><nonSpeech>Mr. <font>Thompson,</font> </nonSpeech><dialogue> Yes now he has.
   </dialogue><nonSpeech>Mr. <font>Mil.</font> </nonSpeech><dialogue> Was he chief Constable?
   </dialogue><nonSpeech>Mr. <font>Jones,</font> </nonSpeech><dialogue> Yes he was, and certainly Mr. <font>Arnold</font>
in Reason would take notice of the Chief Constable.
   </dialogue><nonSpeech>Mr. <font>Mil.</font> </nonSpeech><dialogue> Mr. <font>Herbert Jones</font> , I am informed that
you know this Gentleman goes to Church, and
receives the Sacrament. Give an account what
Religion he is of.
   </dialogue><nonSpeech>Mr. <font>Jones,</font> </nonSpeech><dialogue> Always a Protestant, I saw him at
Church within this half year.
   </dialogue><nonSpeech> <font>Giles,</font> </nonSpeech><dialogue> I can shew a Certificate of my going to
Church, since I came to Town.
<pagebreak id="34" />
   </dialogue><nonSpeech> <font>Record.</font> </nonSpeech><dialogue> There are many people that can go to
Church to serve their turn.
   </dialogue><nonSpeech> <font>Giles,</font> </nonSpeech><dialogue> And my Lord I have taken the Oaths of
Allegiance and Supremacy.
   </dialogue><nonSpeech>Mr. <font>Thompson,</font> </nonSpeech><dialogue> An excellent Protestant to Discourse
so of the Plot, I must needs say that.

</dialogue> <head>JOHN JONES THE CUTLERS APPRENTICE.</head> 

   <nonSpeech> <font>Record.</font> </nonSpeech><dialogue> How old are you?
   </dialogue><nonSpeech> <font>Jones,</font> </nonSpeech><dialogue> Between 15, and 16.
   </dialogue><nonSpeech> <font>Record.</font> </nonSpeech><dialogue> Hark you, do you know the danger of
forswearing your self?
   </dialogue><nonSpeech> <font>Jones,</font> </nonSpeech><dialogue> Yes Sir.
   </dialogue><nonSpeech> <font>Record.</font> </nonSpeech><dialogue> What is it?
   </dialogue><nonSpeech> <font>Jones,</font> </nonSpeech><dialogue> I am in danger of Everlasting Fire.
   </dialogue><nonSpeech> <font>Record.</font> </nonSpeech><dialogue> Very well.
   </dialogue><nonSpeech>Mr. <font>Darnal,</font> </nonSpeech><dialogue> My Lord this is the Apprentice to the
Cutler, in whose Shop <font>Powel</font> says we had such 
Discourse: <font>Jones</font> pray tell my Lord, and the Jury
whether you were by, when one <font>Walter Powel</font>
came into your Masters Shop, when he and <font>Giles</font>
were talking about <font>Giles</font> his Sword.
   </dialogue><nonSpeech> <font>Jones,</font> </nonSpeech><dialogue> Sir, <font>John Giles</font> , came in the morning, and
brought a Sword, my Master was not within, and
he told me, give this Sword to your Master to be
mended; so I took the Sword, and laid it up till
my Master came in; when he came in, I told my
Master of it, and when he came again this <font>Walter
Powel</font> was in the Shop, said <font>Giles</font> to my Master,
<font>Did you mend my Sword</font> ? says he; says my Master, <font>Mr.</font>
Giles, <font>How came your Sword broke? Have you been
fighting with the Devil? No</font> , says he, <font>for he never 
met with</font> Arnold.
   </dialogue><nonSpeech> <font>Peo.</font> </nonSpeech><dialogue> Hiss 'm Hiss.
   </dialogue><nonSpeech> <font>Record.</font> </nonSpeech><dialogue> It does not become the Decency and
Gravity of a Court of Justice, to be humming and
hissing, when Facts are Trying of this great
Concernment.
<pagebreak id="35" />
   </dialogue><nonSpeech>Mr. <font>Mil.</font> </nonSpeech><dialogue> It was the common discourse there,
That Mr. <font>Arnold</font> had been Assaulted.
   </dialogue><nonSpeech> <font>Record.</font> </nonSpeech><dialogue> You have been in a great Combat, have
you been fighting with the Devil? What did he
say to that?
   </dialogue><nonSpeech> <font>Jones,</font> </nonSpeech><dialogue> He never met with <font>Arnold</font> , my Master
asked him, Mr. <font>Giles</font> , <font>Have you been in some Battle or
other? Have you been fighting with the Devil? No</font> , Sir,
<font>for I never met with</font> Arnold.
   </dialogue><nonSpeech> <font>Record.</font> </nonSpeech><dialogue> You did not hear his Wife bid him hold
his Tongue.
   </dialogue><nonSpeech> <font>Jones,</font> </nonSpeech><dialogue> No Sir.
   </dialogue><nonSpeech>Mr. <font>Thom.</font> </nonSpeech><dialogue> Did he tell you how he did break his
Sword?
   </dialogue><nonSpeech> <font>Jones,</font> </nonSpeech><dialogue> No Sir.
   </dialogue><nonSpeech> <font>Giles,</font> </nonSpeech><dialogue> My Lord, here is Mr. <font>Philpott</font> can tell,
that I was sitting down in a Chair, and broke off
a piece of the Guard.
   </dialogue><nonSpeech>Mr. <font>Thom.</font> </nonSpeech><dialogue> You will do well to prove it Sir.
   </dialogue><nonSpeech>Mr. <font>Mil.</font> </nonSpeech><dialogue> Was there any Discourse in the
Countrey about Mr. <font>Arnold</font> ?
   </dialogue><nonSpeech> <font>Record.</font> </nonSpeech><dialogue> Did they not talk any thing about Killing
the Devil?
   </dialogue><nonSpeech> <font>Jones,</font> </nonSpeech><dialogue> No Sir.
   </dialogue><nonSpeech>Mr. <font>Darn.</font> </nonSpeech><dialogue> If your Lordship pleases we will call
Witnesses to give an Account when we came to
Town, and where we were all that day; and we
will call the Maid that Lockt the Chamber door
after we were in bed, on the same Night when this
Fact was committed.

</dialogue> <head>JOHN HOWEL.</head> 

   <nonSpeech>Mr. <font>Darn.</font> </nonSpeech><dialogue> <font>John Howel</font> , Pray tell my Lord and the
Jury when <font>Giles</font> came to Town?
   </dialogue><nonSpeech> <font>Howel,</font> </nonSpeech><dialogue> If it please you my Lord, I came to Town
and <font>John Giles</font> together.
   </dialogue><nonSpeech> <font>Record.</font> </nonSpeech><dialogue> What time of day was it?
   </dialogue><nonSpeech> <font>Howel,</font> </nonSpeech><dialogue> It was Twelve a Clock.
<pagebreak id="36" />
   </dialogue><nonSpeech> <font>Record.</font> </nonSpeech><dialogue> Who is thy Master?
   </dialogue><nonSpeech> <font>Howel,</font> </nonSpeech><dialogue> <font>William Richmond.</font> 
   </dialogue><nonSpeech>Mr. <font>Darn.</font> </nonSpeech><dialogue> What time of Night was it Friend,
when you heard him call to your Master, and bid
him good Night.
   </dialogue><nonSpeech> <font>Howel,</font> </nonSpeech><dialogue> About 11, or 12 a Clock.
   </dialogue><nonSpeech>Mr. <font>Mil.</font> </nonSpeech><dialogue> You say about Nine, you were at your
Lodging with him, did your party company with
him?
   </dialogue><nonSpeech> <font>How.</font> </nonSpeech><dialogue> Yes Sir, we did.
   </dialogue><nonSpeech>Mr. <font>Thom.</font> </nonSpeech><dialogue> Where did you go at that time?
   </dialogue><nonSpeech> <font>Howel,</font> </nonSpeech><dialogue> We went into the Chamber, and drank
Two Pints of Brandy.
   </dialogue><nonSpeech>Mr. <font>Thom.</font> </nonSpeech><dialogue> What time of Night was that?
   </dialogue><nonSpeech> <font>Record.</font> </nonSpeech><dialogue> After Two Pints of Brandy, I wonder
how he can remember any thing.

</dialogue> <head>ANN BERON.</head> 

   <nonSpeech>Mr. <font>Mil.</font> </nonSpeech><dialogue> Tell what time of the Night <font>Giles</font> came
in, where you were in his company; what time of
Night it was?
   </dialogue><nonSpeech> <font>Record.</font> </nonSpeech><dialogue> Speak as loud as thou would'st do if
thou wer't at home: When was this?
   </dialogue><nonSpeech> <font>Ann.</font> </nonSpeech><dialogue> The Thursday after <font>Easter</font> .
   </dialogue><nonSpeech> <font>Record.</font> </nonSpeech><dialogue> The Thursday in <font>Easter</font> Week, or the
Thursday in the next Week?
   </dialogue><nonSpeech> <font>Ann.</font> </nonSpeech><dialogue> The Thursday in <font>Easter</font> Week; we were
never out of Company; when he came home to
his Lodging I believe it was near Ten a Clock.
   </dialogue><nonSpeech> <font>Record.</font> </nonSpeech><dialogue> Where was your Lodging at the <font>Kings
Arms</font> ?
   </dialogue><nonSpeech> <font>Ann.</font> </nonSpeech><dialogue> At the <font>Kings Arms</font> .
   </dialogue><nonSpeech> <font>Record.</font> </nonSpeech><dialogue> Good Woman, did you go with him to
<font>Whetstones Park</font> ?
   </dialogue><nonSpeech> <font>Ann.</font> </nonSpeech><dialogue> No not I.
   </dialogue><nonSpeech> <font>Record.</font> </nonSpeech><dialogue> Were you with him at the <font>Artillery Ground</font> ?
   </dialogue><nonSpeech> <font>Ann.</font> </nonSpeech><dialogue> No not I.
   </dialogue><nonSpeech> <font>Record.</font> </nonSpeech><dialogue> Were you with him in <font>Drury-lane</font> ?
   </dialogue><nonSpeech> <font>Ann.</font> </nonSpeech><dialogue> No Not I.
<pagebreak id="37" />
   </dialogue><nonSpeech> <font>Record.</font> </nonSpeech><dialogue> He did not go out of your Company at
all?
   </dialogue><nonSpeech> <font>Ann.</font> </nonSpeech><dialogue> Yes about Ten a Clock.
   </dialogue><nonSpeech> <font>Record.</font> </nonSpeech><dialogue> Woman you must be mistaken, he came
to Town at Twelve or One, and might be in
thy company, but it is plain he went to a Brokers
in <font>Long-lane</font> , and so to the <font>Artillery-Ground</font> at
<font>Cripple-Gate</font> , for I guess it might be so: Then they went
to <font>Whetstones-Park</font> , and spent Six-Pence, and after
that they went into <font>Drury-lane</font> .
   </dialogue><nonSpeech> <font>Giles,</font> </nonSpeech><dialogue> My Lord, she don't say she was with us
all the while, but we came to an House where she
was, and several other People our Neighbours.
   </dialogue><nonSpeech> <font>Record.</font> </nonSpeech><dialogue> She says you did go out sometime: Now
see whether I mistake you.
   </dialogue><nonSpeech> <font>Ann.</font> </nonSpeech><dialogue> Yes you do mistake me.
   </dialogue><nonSpeech> <font>Record.</font> </nonSpeech><dialogue> He went out, did he?
   </dialogue><nonSpeech> <font>Ann.</font> </nonSpeech><dialogue> Yes he went out after we came into the City,
he and some others, and then they came back to me
again in two or three hours.
   </dialogue><nonSpeech> <font>Record.</font> </nonSpeech><dialogue> Then you were two or three hours at
Dinner. Now I ask you, After they came back, was
you with him all the while?
   </dialogue><nonSpeech> <font>Ann,</font> </nonSpeech><dialogue> Yes that I was.
   </dialogue><nonSpeech> <font>Record.</font> </nonSpeech><dialogue> Where was it?
   </dialogue><nonSpeech> <font>Ann,</font> </nonSpeech><dialogue> At the <font>Peacock</font> .
   </dialogue><nonSpeech> <font>Record.</font> </nonSpeech><dialogue> That is the place in <font>Drury-lane</font> .
   </dialogue><nonSpeech> <font>Ann.</font> </nonSpeech><dialogue> No, indeed, it is in <font>Covent Garden</font> .
   </dialogue><nonSpeech>Mr. <font>Darnal,</font> </nonSpeech><dialogue> When did he go to Bed, do you
know that upon your Oath?
   </dialogue><nonSpeech> <font>Ann,</font> </nonSpeech><dialogue> We were in the Inn between Nine and Ten
a Clock, nearer Ten then Nine, and I saw him
sitting taking a Pipe of Tobacco.
   </dialogue><nonSpeech>Mr. <font>Darnal,</font> </nonSpeech><dialogue> What time was that?
   </dialogue><nonSpeech> <font>Ann,</font> </nonSpeech><dialogue> A little after Ten I believe.
   </dialogue><nonSpeech>Mr. <font>Thomp.</font> </nonSpeech><dialogue> He sat there till he was call'd away to
do his business.
<pagebreak id="38" />
</dialogue> <head>ELIZABETH CROOK.</head> 

   <nonSpeech>Mr. <font>Darnal,</font> </nonSpeech><dialogue> <font>Elizabeth Crook</font> , Pray do you tell my
Lord and the Jury about what time <font>Giles</font> went to
Bed?
   </dialogue><nonSpeech> <font>Crook,</font> </nonSpeech><dialogue> Indeed Sir, he went to Bed between Ten
and Eleven.
   </dialogue><nonSpeech>Mr. <font>Darnal,</font> </nonSpeech><dialogue> How long was it that he came to his
Lodging before that? Can you say how long he was
in the House before he went to Bed?
   </dialogue><nonSpeech> <font>Crook,</font> </nonSpeech><dialogue> I asked him if I should take away his Candle,
he said he would put his Candle out, but I might
Lock him in, and take the Key; but I did not do it.
   </dialogue><nonSpeech>Mr. <font>Thomps.</font> </nonSpeech><dialogue> Did he go to Bed as soon as he came
in?
   </dialogue><nonSpeech> <font>Crook,</font> </nonSpeech><dialogue> No, I think he did not.
   </dialogue><nonSpeech> <font>Record.</font> </nonSpeech><dialogue> You made the Bed, did not you?
   </dialogue><nonSpeech> <font>Crook,</font> </nonSpeech><dialogue> I did.
   </dialogue><nonSpeech> <font>Recorder,</font> </nonSpeech><dialogue> Upon your Oath, what time of Night
was it?
   </dialogue><nonSpeech> <font>Crook,</font> </nonSpeech><dialogue> I think it was nearer Eleven than Ten.
   </dialogue><nonSpeech> <font>Record.</font> </nonSpeech><dialogue> Did you make the Bed after he went
into it? What time did you make the Bed upon your 
Oath?
   </dialogue><nonSpeech> <font>Crook,</font> </nonSpeech><dialogue> I made the Bed about Ten a Clock.
   </dialogue><nonSpeech> <font>Record.</font> </nonSpeech><dialogue> I ask you, do you remember <font>Richmond</font>
came into you and asked you any thing about making
the Bed? Do you remember he was in the Chamber?
   </dialogue><nonSpeech> <font>Crook,</font> </nonSpeech><dialogue> In whose Chamber?
   </dialogue><nonSpeech> <font>Record.</font> </nonSpeech><dialogue> Did <font>Richmond</font> come in when you were
making the Bed?
   </dialogue><nonSpeech> <font>Crook,</font> </nonSpeech><dialogue> He was not there that I knew of.
   </dialogue><nonSpeech> <font>Rich.</font> </nonSpeech><dialogue> Was not I in the Chamber when you made 
the Bed?
   </dialogue><nonSpeech> <font>Crook,</font> </nonSpeech><dialogue> No, I don't remember you.
   </dialogue><nonSpeech> <font>Rich.</font> </nonSpeech><dialogue> My Lord, when this Maid went to make the
Bed, I went into the Room after her, and had some
discourse with her, we lean'd together upon the 
<pagebreak id="39" />
Window, and I told her I was in Love with her, I told
her, if she liked of it, I would Marry her the next
Morning: I did it to make merry, for indeed I am
a Married Man.
   </dialogue><nonSpeech> <font>Record.</font> </nonSpeech><dialogue> What time a Night was it?
   </dialogue><nonSpeech> <font>Rich.</font> </nonSpeech><dialogue> About Twelve a Clock.
   </dialogue><nonSpeech> <font>Record.</font> </nonSpeech><dialogue> If you forget your other Sweet-Hearts,
can you remember this? Do you remember now he
was there?
   </dialogue><nonSpeech> <font>Crook,</font> </nonSpeech><dialogue> I remember he was there.
   </dialogue><nonSpeech> <font>Giles,</font> </nonSpeech><dialogue> Mr. <font>Arnold</font> , Pray do not laugh at my
Witnesses and make May-Games at them, it is not the
part of a Gentleman.
   </dialogue><nonSpeech> <font>Rich.</font> </nonSpeech><dialogue> And she told me that he would lie by 
himself though the house was very full.
   </dialogue><nonSpeech> <font>Record.</font> </nonSpeech><dialogue> Do you remember any such Discourse?
   </dialogue><nonSpeech> <font>Crook,</font> </nonSpeech><dialogue> I do remember that Mr. <font>Richmond</font> did come
in.
   </dialogue><nonSpeech> <font>Kings Coun.</font> </nonSpeech><dialogue> What time of Night was it that he
was making love to you?
   </dialogue><nonSpeech> <font>Crook,</font> </nonSpeech><dialogue> I think about Ten a Clock.
   </dialogue><nonSpeech> <font>Kings Coun.</font> </nonSpeech><dialogue> Time passed merrily away with you
then.
   </dialogue><nonSpeech> <font>Rich.</font> </nonSpeech><dialogue> It was Twelve a Clock.
   </dialogue><nonSpeech> <font>Crook,</font> </nonSpeech><dialogue> Why do you say so? Our house was all
quiet presently after Eleven.
   </dialogue><nonSpeech> <font>Rich.</font> </nonSpeech><dialogue> Why will you say so? Were not we
Singing and Roaring together?
   </dialogue><nonSpeech> <font>Record.</font> </nonSpeech><dialogue> Come don't be angry, you were not
angry when you were making love together?
   </dialogue><nonSpeech> <font>Rich.</font> </nonSpeech><dialogue> I am not angry indeed Sir.

</dialogue> <head>EDWARD JAMES.</head> 

   <nonSpeech>Mr. <font>Mil.</font> </nonSpeech><dialogue> Tell my Lord what time of Night <font>Giles</font>
came into his Lodging, and where it was?
   </dialogue><nonSpeech> <font>James,</font> </nonSpeech><dialogue> It was in <font>Easter</font> Week he came in, and so
were drinking at the <font>Kings Arms</font> in St. <font>Martins-lane</font> ,
and from Dinner, and from Nine a Clock.
<pagebreak id="40" />
   </dialogue><nonSpeech> <font>Record.</font> </nonSpeech><dialogue> How? You did not dine there, you din'd
at the <font>Peacock</font> .
   </dialogue><nonSpeech> <font>James,</font> </nonSpeech><dialogue> Yes we din'd there, but from Nine a Clock,
we were there till Twelve.
   </dialogue><nonSpeech> <font>Record.</font> </nonSpeech><dialogue> How do you know?
   </dialogue><nonSpeech> <font>James,</font> </nonSpeech><dialogue> I was there with him.
   </dialogue><nonSpeech> <font>Record.</font> </nonSpeech><dialogue> After Twelve a Clock you say you left him?
   </dialogue><nonSpeech> <font>James,</font> </nonSpeech><dialogue> Yes.
   </dialogue><nonSpeech> <font>Record.</font> </nonSpeech><dialogue> Where did you leave him.
   </dialogue><nonSpeech> <font>James,</font> </nonSpeech><dialogue> In the Kitchin.
   </dialogue><nonSpeech> <font>Record.</font> </nonSpeech><dialogue> Are you sure?
   </dialogue><nonSpeech> <font>James,</font> </nonSpeech><dialogue> Yes my Lord, I am sure of it.
   </dialogue><nonSpeech> <font>Record.</font> </nonSpeech><dialogue> I ask you, because I have an unhappy
Memory, you are sure it was Twelve a Clock when
you saw him in the Kitchin, and here is a Maid saw
him go to Bed at Eleven.
   </dialogue><nonSpeech> <font>Record.</font> </nonSpeech><dialogue> Have you any more? You know the
matter that was the occasion of the dispute t'other day
I would not by any means, that in a Cause of this
publick Concern <comment type="compiler">SOURCE TEXT: Coneern</comment> , there should be any       
pretence for
any to say they were surprized; therefore call as
many Witnesses as you please.

</dialogue> <head>ROBIN GIBBON.</head> 

   <nonSpeech>Mr. <font>Mil.</font> </nonSpeech><dialogue> What can you say when Mr. <font>Giles</font> came
into his Lodging?
   </dialogue><nonSpeech> <font>Gib.</font> </nonSpeech><dialogue> It was about Ten a Clock. I gave his Horse
half a Peck of Oats.
   </dialogue><nonSpeech>Mr. <font>Mil.</font> </nonSpeech><dialogue> Where?
   </dialogue><nonSpeech> <font>Gib.</font> </nonSpeech><dialogue> At the <font>Kings Arms</font> in <font>Martins-lane</font> 
   </dialogue><nonSpeech>Mr. <font>Mil.</font> </nonSpeech><dialogue> Do you know how long he staid before
he went to Bed?
   </dialogue><nonSpeech> <font>Gib.</font> </nonSpeech><dialogue> No Sir, I cannot tell.
   </dialogue><nonSpeech>Mr. <font>Thom.</font> </nonSpeech><dialogue> He speaks honestly, this Man.
   </dialogue><nonSpeech> <font>Record.</font> </nonSpeech><dialogue> Have you any more?
   </dialogue><nonSpeech> <font>Giles,</font> </nonSpeech><dialogue> There is another, a Translator, my
Council knows his Name.
<pagebreak id="41" />
</dialogue> <head>JOHN CHADWICK.</head> 

   <nonSpeech> <font>Record.</font> </nonSpeech><dialogue> What is your Name Sir?
   </dialogue><nonSpeech> <font>Chad.</font> </nonSpeech><dialogue> <font>John Chadwick.</font> 
   </dialogue><nonSpeech> <font>Record.</font> </nonSpeech><dialogue> Go on.
   </dialogue><nonSpeech> <font>Chad.</font> </nonSpeech><dialogue> I say this <font>John Giles</font> was at my House
between Eight and Nine a Clock.
   </dialogue><nonSpeech> <font>Record.</font> </nonSpeech><dialogue> Where is your House?
   </dialogue><nonSpeech> <font>Chad.</font> </nonSpeech><dialogue> My House is --
   </dialogue><nonSpeech> <font>Record.</font> </nonSpeech><dialogue> Can you say any more to it?
   </dialogue><nonSpeech> <font>Chad.</font> </nonSpeech><dialogue> No.

</dialogue> <head>ELIZABETH.</head> 

   <nonSpeech> <font>Record.</font> </nonSpeech><dialogue> What have you to say?
   </dialogue><nonSpeech> <font>Eliz.</font> </nonSpeech><dialogue> Sir I went with mr. <font>Giles</font> home, and it was
between Nine and Ten a Clock, and I saw him in
his Lodging, and I saw him in the Morning.

</dialogue> <head>ELIZABETH CROOK.</head> 

   <nonSpeech> <font>Record.</font> </nonSpeech><dialogue> Are you sure he went to Bed when you
made it?
   </dialogue><nonSpeech> <font>Crook,</font> </nonSpeech><dialogue> It was between Ten and Eleven a Clock.
   </dialogue><nonSpeech>Mr. <font>Thom.</font> </nonSpeech><dialogue> You see how they Contradict one
another.
   </dialogue><nonSpeech> <font>Record.</font> </nonSpeech><dialogue> Is your name <font>James</font> ?
   </dialogue><nonSpeech> <font>James,</font> </nonSpeech><dialogue> Yes Sir.
   </dialogue><nonSpeech> <font>Record.</font> </nonSpeech><dialogue> You say you are certain you left him in 
the Kitchin at Twelve?
   </dialogue><nonSpeech> <font>James,</font> </nonSpeech><dialogue> Yes Sir.
   </dialogue><nonSpeech> <font>Record.</font> </nonSpeech><dialogue> But here is one that says he went to Bed
by Eleven.
   </dialogue><nonSpeech> <font>James,</font> </nonSpeech><dialogue> O Lord no Sir.
   </dialogue><nonSpeech>Mr. <font>Holt,</font> </nonSpeech><dialogue> These are your own Witnesses Mr. <font>Giles</font> .
   </dialogue><nonSpeech>Mr. <font>Thom.</font> </nonSpeech><dialogue> You see how they contradict one
another.
<pagebreak id="42" />
</dialogue> <head>PETER POWEL.</head> 

   <nonSpeech> <font>Powel,</font> </nonSpeech><dialogue> My Lord, I met some of my 
Countrey-men about an hour before Night.
   </dialogue><nonSpeech>Mr. <font>Thom.</font> </nonSpeech><dialogue> What day?
   </dialogue><nonSpeech> <font>Powel,</font> </nonSpeech><dialogue> About Thursday Sir.
   </dialogue><nonSpeech>Mr. <font>Thom.</font> </nonSpeech><dialogue> What Week was it in?
   </dialogue><nonSpeech> <font>Powel,</font> </nonSpeech><dialogue> I believe in <font>Easter Week</font> , and I heard them
say that Mr. <font>Arnold</font> was come to Town, and Mr.
<font>Herbert</font> and he was to have an Hearing the next day.
   </dialogue><nonSpeech> <font>Record.</font> </nonSpeech><dialogue> How long was you in his Company?
   </dialogue><nonSpeech> <font>Powel,</font> </nonSpeech><dialogue> I had been in my Friends company about
an hour before he came, and we staid till near Nine
or thereabouts, and then we parted, and I never
saw him afterwards, till last Munday was
Seven-night.

</dialogue> <head>ROGER HOW.</head> 

   <nonSpeech> <font>Record.</font> </nonSpeech><dialogue> What say you?
   </dialogue><nonSpeech> <font>How.</font> </nonSpeech><dialogue> Mr. <font>Giles</font> was in my company, and staid
till about Nine a Clock, or thereabouts, and then
we went away, and I saw him no more for that Night.
   </dialogue><nonSpeech> <font>Record.</font> </nonSpeech><dialogue> Have you any more?
   </dialogue><nonSpeech> <font>Giles,</font> </nonSpeech><dialogue> No.



</dialogue>
  </dialogueText>
</dialogueDoc>