<?xml version="1.0" encoding="ISO-8859-1"?>

<!DOCTYPE dialogueDoc SYSTEM "dialogueDoc.dtd" >

<?xml-stylesheet type="text/xsl" href="dialogueWebRender.xsl"?>


<dialogueDoc id="D4WWALES">
  <dialogueHeader>

    <filename>D4WWALES</filename>

    <identifier>4 WITNESS D D4WWALES</identifier>

    <title>BIRTH OF THE PRINCE</title>

    <author>unknown</author>

    <subperiod>4: 1680-1719</subperiod>

    <speechPubDate>4: 1688/1711?</speechPubDate>

    <contemporaneity sourceDate="CONTEMP">Source text dates from within 40 years of the first printing / original speech event</contemporaneity>

    <textType typeCode="WITNESS-DEPOSITION">Witness deposition</textType>

    <textBibliography>
      <attribution type="NULL"></attribution>
      <frontMatter>THE SEVERAL DECLARATIONS, TOGETHER WITH THE SEVERAL 
DEPOSITIONS MADE IN COUNCIL ON MONDAY, THE 22D OF OCTOBER, 1688. 
CONCERNING THE BIRTH OF THE PRINCE OF WALES.
N.B. THOSE MARK'D WITH THIS MARK, * WERE ROMAN CATHOLICKS.
LONDON: PRINTED, AND SOLD BY THE BOOKSELLERS OF LONDON AND 
WESTMINSTER.
(1711?)
PP. 7.1 - 38.15
      </frontMatter>
    </textBibliography>
  </dialogueHeader>


  <dialogueText>
    <dialogue>

<comment type="compiler">DATE OF PUBLICATION SUGGESTED BY ESTC AND OTHER LIBRARY SOURCES. 
HOWEVER, BRITISH LIBRARY CATALOGUE SUGGESTS THE DATE OF THIS EDITION
AS 1688.</comment>

<pagebreak id="7" />
   </dialogue><nonSpeech>And the following Depositions were all taken
upon Oath.</nonSpeech>

<nonSpeech>Elizabeth <font>Lady Marchioness of</font> Powis, <font>Deposeth</font> ,
   That about the 29th of <font>December</font> last, the
Queen was likely to Miscarry; whereupon
she immediately went unto her, and offered her
some effectual Remedies, which are made use of
on the like Occasion; which the Queen ordred
this Deponent to acquaint the Doctors with.
The day following the Queen Dowager sent this
Deponent to see how the Queen did; who
replied, She had a pretty good Night, and did
think she had Quickned, but would not be positive
till she felt it again; That after this the
Deponent did frequently wait on the Queen in the
Morning, and did see her Shift her several days,
and generaely saw the Milk, and sometimes Wet
upon her Smock. That some time, after this
Deponent went into the Country, and came not
up till a few days before the Queen was brought
to Bed; and from the time of this Deponents 
Return, she saw the Queen every day till she
was brought to Bed, and was in the Room a
Quarter of an hour before, and at the time of her
Delivery of the Prince by Mrs. <font>Wilks</font> Her Majesty's
Midwife, which this Deponent saw, and
immediately went with the Prince, carried by Mrs. 
<font>Delabadie</font> into the Queens little Bed-chamber,
where she saw Sir <font>Thomas Witherley</font> sent for by
the Midwife, who gave the Child Three Drops
of something which came into the World with
him, which this Deponent saw done; And this
<pagebreak id="8" />
Deponent doth Aver, this Prince to be the same
Child which was then Born, and that she
has never been from him one day since.</nonSpeech>
<nonSpeech>* <font>Eliza. Powis.</font> </nonSpeech>

   <nonSpeech>Anne <font>Countess of</font> Aran <font>Deposeth</font> ,  
   That she went to the Queen from <font>Whitehall</font> to
St. <font>James's</font> as soon as she heard that her
Majesty was in Labour; when she came, she found
the Queen in Bed, complaining of little Pains;
The Lady <font>Sunderland</font> , Lady <font>Roscomon</font> , Mrs.
<font>Labadie</font> , and the Midwife, were on that side of
the Bed where the Queen lay; and this Deponent,
with a great many others, stood on the other
side all the time till the Queen was Delivered;
As soon as her Majesty was Delivered, she said,</nonSpeech><dialogue>
<font>O Lord, I don't hear the Child Cry</font> , </dialogue><nonSpeech>and
immediately upon that, this Deponent did hear it Cry,
and saw the Midwife take the Child out of the
Bed, and give it to Mrs. <font>Labadie</font> , who carried it
into the little Bed-Chamber, where she, this 
Deponent, followed her, and saw that it was a Son,
and that likewise she, the Deponent, hath
several times seen Milk run out upon the Queens
Smock during her being with Child.</nonSpeech>
<nonSpeech> <font>A. Aran.</font> </nonSpeech>

   <nonSpeech>Penelope <font>Countess of</font> Peterborow <font>Deposeth</font> ,
   That she was often with the Queen, while
Her Majesty was last with Child, and saw the
Milk often upon her Majesty's Smock, when she,
the Deponent, took it off from the Queen; and
often saw her Majesty's Belly so as it could not
<pagebreak id="9" />
be otherwise but that she was with Child. That
the said Deponent stood by the Bedside on the
10th of <font>June</font> last in the Morning, while the
Queen was Delivered of the Prince of <font>Wales</font> .</nonSpeech>
<nonSpeech> <font>P. Peterborow.</font> </nonSpeech>

   <nonSpeech>Anne <font>Countess of</font> Sunderland <font>Deposeth</font> ,
   That <font>June</font> the 10th 1688, being <font>Trinity
Sunday</font> , the Deponent went to St. <font>James's</font>
Chappel at eight of the Clock in the morning,
intending to Receive the Sacrament; but in the
beginning of the Communion Service, the Man which
looks to the Chappel came to the Deponent, and
told her, she must come to the Queen; The
Deponent said, she would as soon as Prayers
were done; In a very little time after, another
Man came up to the Altar to the Deponent, and
said, the Queen was in Labour, and the
Deponent must come to her Majesty, who then went
directly to the Queens Bed-Chamber. As soon
as the Deponent came in, her Majesty told her, 
this Deponent, she believed she was in Labour.
By this time the Bed was warmed, and the
Queen went into Bed, and the King came in.
The Queen asked the King, if he had sent for
the Queen Dowager; He said he had sent for
every Body. The said Deponent stood at the
Queen's Boulster, the Lady <font>Roscomon</font> , Mrs.
<font>Delabadie</font> , and the Midwife on that side of the Bed,
where the Queen was Delivered. After some
lingring Pains, the Queen said, she feared she
should not be brought to Bed a good while; but
enquiring of the Midwife, she assured her
<pagebreak id="10" />
Majesty, that she wanted only one thorow Pain to
bring the Child into the World; Upon which
the Queen said,</nonSpeech><dialogue> It is impossible, the Child lies so
high, </dialogue><nonSpeech>and commanded this Deponent to lay her
Hand on her Majesty's Belly, to feel how high the
Child lay, which the Deponent did; but soon
after a great Pain came on at past Nine of the
Clock, and the Queen was Delivered; which the
Midwife by pulling the <font>Deponent</font> by the Coat,
assured her was a Son, it being the Sign she told
the <font>Deponent</font> she would give her, the Queen
having charged her not to let her Majesty know
presently, whether it was Son or Daughter.
As soon as the Midwife had given the <font>Deponent</font> 
the Sign, the <font>Deponent</font> made a Sign to the King
that it was a Son. When the Midwife had done
her Office, she gave the Child to Mrs. <font>Delabadie</font> ,
which was a Son, and she carried it into the
little Bed-Chamber.</nonSpeech> <nonSpeech> <font>A. Sunderland.</font> </nonSpeech>

   <nonSpeech>Isabella <font>Countess of</font> Roscommon <font>Deposeth</font> ,
   That on the 10th of <font>June</font> last, she stood by
the Lady <font>Sunderland</font> in the Queens
Bed-Chamber, while the Queen was in Labour, and
saw the Prince of <font>Wales</font> , when he was taken out
of the Bed by the Midwife.</nonSpeech>
<nonSpeech> <font>I. Roscommon.</font> </nonSpeech>

   <nonSpeech>Margaret <font>Countess of</font> Fingall <font>Deposeth</font> ,
   That she waited on the Queen Dowager her
Mistress into the Queens Bed-Chamber at
St. <font>James's</font> , when the Queen was in Labour, and
stood by the Bed's Feet, when her Majesty was
<pagebreak id="11" />
Delivered of the Prince. That the <font>Deponent</font> saw
the Prince carried away into another Room, and
soon after follow'd, and saw him in that Room.</nonSpeech>
<nonSpeech>* <font>Marg. Fingall.</font> </nonSpeech>

   <nonSpeech> <font>Lady</font> Sophia Bulkeley <font>Deposeth</font> , 
   That she was sent for on <font>Trinity Sunday</font> last past
about Eight a Clock in the Morning to go
to St. <font>James's</font> ; for the Man that came, said the
Queen was in Labour, and he, and others were
sent to call every Body. That this <font>Deponent</font> 
made as much hast as she could to rise and be
dress'd, but did not get to the Queens 
Bed-chamber until a little after Nine a Clock, and then this
<font>Deponent</font> found the Queen in her Bed, and the
Queen Dowager there set upon a Stole, and
some of the Ladies about her. After this
<font>Deponent</font> having staid a little while, and thinking the
Queen in no strong Pain, she, this <font>Deponent</font> ,
went out, and, being next to the Room where
the Queens Linen was a warming, heard a noise,
and look'd to see what was the matter, and
finding no Body there, this <font>Deponent</font> ran and found
the Lord <font>Feversham</font> in the Queens little
Bed-Chamber, who told this <font>Deponent</font> the Child was
just born; This <font>Deponent</font> ask'd him,</nonSpeech><dialogue> what is it?
</dialogue><nonSpeech>His Lordship said he could not tell. So this
<font>Deponent</font> ran on to the Queens Bed-side, and heard
the Queen say to the Midwife,</nonSpeech><dialogue> Pray, Mrs. <font>Wilks</font> ,
don't part the Child </dialogue><nonSpeech> (which signifies, don't cut
the Navel-String, until the after-Birth is come
away.) And while the Queen was with Child,
this <font>Deponent</font> had heard her Majesty Command
<pagebreak id="12" />
her Midwife not to do otherwise, it being
counted much the safest way; but to what the Queen
said just then (to the best of this <font>Deponent's</font> 
Remembrance) Mrs. <font>Wilks</font> replied,</nonSpeech><dialogue> Pray Madam,
give me leave, for I will do nothing, but what
will be safe for your Self and Child; </dialogue><nonSpeech>The Queen
Answered,</nonSpeech><dialogue> Do then, </dialogue><nonSpeech>and then cry'd</nonSpeech><dialogue> where is the
King gone? </dialogue><nonSpeech>His Majesty came immediately from 
the other side of the Bed (from just having a 
sight of the Child) and answered the Queen,</nonSpeech><dialogue> Here
I am; </dialogue><nonSpeech>the Queen said,</nonSpeech><dialogue> Why do you leave me
now? </dialogue><nonSpeech>The King kneeled on the Bed, on that
side where the <font>Deponent</font> stood, and a little after
the Midwife said,</nonSpeech><dialogue> all is now come safe away;
</dialogue><nonSpeech>Upon that the King rose from the Bed, and said,</nonSpeech><dialogue>
Pray my Lords, come and see the Child: </dialogue><nonSpeech>The
King follow'd Mrs. <font>Labadie</font> , and the Lords His
Majesty, into the little Bed-Chamber, where
this <font>Deponent</font> follow'd also, and saw as well as
they, that it was a Prince, and that Mrs. <font>Wilks</font>
was in the right to desire to part the Child,</nonSpeech><dialogue> For
the Prince's Face, especially his Forehead was
blackish, being stunn'd, as I have seen some
other Children, when they have been just newly
come into the World; but God be thanked, in
two hours time that he was dress'd and wash'd,
</dialogue><nonSpeech> (which the <font>Deponent</font> staid by and saw done) </nonSpeech><dialogue> the
Prince look'd very fresh and well. </dialogue><nonSpeech>This <font>Deponent</font>
doth further add, That all the while, the Queen
was with Child, this <font>Deponent</font> had the honour to
pay her Duty very often Mornings and Nights,
in waiting upon her Majesty in her Dressing Room
and Bed-Chamber, and for the last three or four
<pagebreak id="13" />
Months, this <font>Deponent</font> hath oftentimes seen the
Queens Milk, as well as when this <font>Deponent</font> hath
had the honour to put on her Majesty's Smock.</nonSpeech>
<nonSpeech>* <font>S. Bulkely.</font> </nonSpeech>

   <nonSpeech>Susanna <font>Lady</font> Bellasyse <font>Deposeth</font> ,
   That on <font>Trinity Sunday</font> the 10th of <font>June</font> last,
the <font>Deponent's</font> Servant seeing the Queen
Dowager's Coaches in St. <font>James's</font> at an unusual hour,
went and asked the Occasion, and was told the
Queen was in Labour; whereupon he came into
the <font>Deponent's</font> Chamber, and awaked her; That
the Queen having come to Lodge at St. <font>James's</font>
but the Night before, they being in a great
hurry, forgot to call the <font>Deponent</font> as her Majesty had
ordered; That the <font>Deponent</font> made all the haste
she could into her Majesties Bed-Chamber; and
found the Queen in Bed, and Mrs. <font>Wilks</font> her
Majesty's Midwife, sitting by the Bedside, with her
Hands in the Queen's Bed; The Queen asked her,
the said Midwife, what she thought? Mrs. <font>Wilks</font>
assured her Majesty, that at the next great Pain
the Child would be born; Whereupon the King
ordered the Privy-Councellours to be called in;
That this <font>Deponent</font> stood behind the Midwife's
Chair, and immediately after the Queens
having another great Pain, the Prince was Born;
That this <font>Deponent</font> saw the Child taken out of the
Bed with the Navel-string hanging to its Belly;
That this <font>Deponent</font> opened the Receiver, and saw
it was a Son, and not hearing the Child cry, and
seeing it a little black, she was afraid it was in a
Convulsion Fit.</nonSpeech> <nonSpeech> <font>S. Bellasyse.</font> </nonSpeech>
<pagebreak id="14" />
   <nonSpeech>Henrietta <font>Lady</font> Waldgrave, <font>Deposeth</font> ,
   That she was in the Queen's Bed-Chamber a
quarter of an hour before her Majesty was
Delivered, and standing by the Bedside, she
saw the Queen in Labour, and heard her cry out
much.</nonSpeech> <nonSpeech>* <font>Henrietta Waldgrave.</font> </nonSpeech>

<nonSpeech> <font>Mrs.</font> Mary Crane, <font>one of the Gentlewomen of the
   Bed-Chamber to the Queen Dowager, Deposeth</font> ,
   That she went with the Queen Dowager to
the Queen's Labour on the Tenth of <font>June</font>
last, and never stirred out of the Room till the
Queen was Delivered.</nonSpeech>
   <nonSpeech>That this <font>Deponent</font> did not follow the Child,
when it was first carried out of the Room, but
staid in the Bed-Chamber, and saw all that was
to be seen after the Birth of a Child. That she,
the <font>Deponent</font> , then went to see the Prince, and
found him look ill, and immediately went to the
King, and told his Majesty she feared the Child
was sick; That his Majesty went immediately
to the Prince, and came back and said it was a
mistake, the Child was very well.</nonSpeech>
<nonSpeech>* <font>Mary Crane.</font> </nonSpeech>

<nonSpeech> <font>Dame</font> Isabella Wentworth, <font>one of the 
   Gentlewomen of the Bed-Chamber to the Queen, Deposeth</font> ,
   That she often saw the Milk of her Majesty's
Breast upon her Smock, at which the Queen
was troubled, it being a common saying, that it
was a sign the Child would not live. And that
she, the <font>Deponent</font> , did once feel the Child stir in
the Queens Belly while her Majesty was in Bed,
<pagebreak id="15" />
and that she was present when the Child was
Born, and staid till she heard it cry, and then
went to fetch Vinegar for the Queen to smell to;
she, the <font>Deponent</font> , heard the Queen command the
Midwife not to tell her of what Sex it was, for
fear of surprizing Her Majesty: When the
<font>Deponent</font> brought the Vinegar, she did desire to see
the Child, Mrs. <font>Delabadie</font> having it in her Arms.
The Child looked black, whereupon the <font>Deponent</font>
desired Doctor <font>Waldegrave</font> to look to it,
believing it was not well: That the <font>Deponent</font> saw the
Navel-string of the Child cut, and three drops of
the Blood, which came fresh out, given to him
for the Convulsion Fits.</nonSpeech>
<nonSpeech> <font>Isabella Wentworth.</font> </nonSpeech>

<nonSpeech> <font>Dame</font> Catherine Sayer, <font>one of the Gentlewomen of
   the Bed-Chamber to the Queen Dowager, Deposeth</font> ,
   That she waited on the Queen Dowager to
the Queen's Labour, and was all the time by
the Bedside, and stood there, till the Queen was
Delivered, and follow'd the Child, when it was
carried by Mrs. <font>Delabadie</font> to the little 
Bed-Chamber, and took a warm Napkin and laid it on the
Child's Breast, believing the Child was not well.</nonSpeech>
<nonSpeech> <font>Catherine Sayer.</font> </nonSpeech>

<nonSpeech> <font>Dame</font> Isabella Waldegrave, <font>one of the Gentlewomen
   of the Bed-Chamber to the Queen, Deposeth</font> ,
   That she was constantly with the Queen,
her Majesty was likely to miscarry, and
had often seen Milk in her Majesty's Breast, and
was with the Queen at the time of her Labour
<pagebreak id="16" />
with the Prince, and saw the Prince taken out
of the Bed, and went after Mrs. <font>Delabadie</font> with
the Prince in her Arms into the little
Bed-chamber, and was by when the Child was shewn to
the King that it was a Son; and this <font>Deponent</font>
took the After-burden, and put it into a Bason
of Water, and carried into the Queen's Closet.</nonSpeech>
<nonSpeech>* <font>Isabella Waldegrave.</font> </nonSpeech>

<nonSpeech> <font>Mrs.</font> Margaret Dawson, <font>one of the Gentlewomen of
   the Bed-Chamber to the Queen, Deposeth</font> ,
   That on the Tenth of <font>June</font> last, in the
Morning, she was sent for by the Queen out of
St. <font>James's</font> Chappel, where she was at Prayers,
and that coming up into the Queens Chamber,
she found her sitting all alone upon a Stool by the
Beds-head, when the Queen said to her, this
<font>Deponent</font> , she believed her self in Labour, and bid
her, the <font>Deponent</font> , get the Pallat Bed, which
stood in the next Room, to be made ready
quickly for her; but that Bed having never been
aired, the <font>Deponent</font> perswaded the Queen not to
make use of it: After which the Queen bid the
<font>Deponent</font> make ready the Bed she came out of,
which was done accordingly. The <font>Deponent</font>
further saith, That she saw fire carried into the
Queen's Room in a Warming-Pan to warm the
Bed, after which the Queen went into her
Bed, and that the <font>Deponent</font> stirred not from the
Queen until her Majesty was delivered of a Son.
That she this <font>Deponent</font> , well remembers, that on
the 29th of <font>December</font> last her Majesty was afraid
of Miscarrying, which was about the time she
<pagebreak id="17" />
quickned; and that after the Queen had gone 22
Weeks with Child, her Majesty's Milk began to
run, which she the <font>Deponent</font> often saw upon her
Smock, and that the 9th of <font>May</font> her Majesty
apprehended miscarrying again with a Fright.</nonSpeech>
<nonSpeech> <font>Margaret Dawson.</font> </nonSpeech>

<nonSpeech> <font>Mrs.</font> Elizabeth Bromley, <font>One of the
   Gentlewomen of the Bed-chamber to the Queen, deposeth</font> ,
   That she was sick all Winter, till a little
before <font>Easter</font> last, when she the <font>Deponent</font>
came into Waiting; That from that Time till the
Queen was brought to Bed, she the <font>Deponent</font>
saw the Queen put on her Smock every Morning,
by which means she saw the Milk constantly fall
out of her Majesty's Breasts, and observed the
Bigness of her Majesty's Belly, which could not
be counterfeit. That the <font>Deponent</font> came from
<font>Whitehal</font> to the Queen's Labour to St. <font>James's</font>
the Tenth of <font>June</font> last, and remained in the
Room till the Queen was delivered and
afterwards; but did not follow the Child, till some
time after, when she the <font>Deponent</font> went to see
what colour'd Eyes he had.</nonSpeech>
<nonSpeech> <font>Elizabeth Bromley.</font> </nonSpeech>

<nonSpeech> <font>Mrs.</font> Pelegrina Turini, <font>One of the Gentlewomen
   of the Bed-chamber to the Queen, deposeth</font> ,
   That she constantly attended the Queen,
when she was last with Child, and that on
the Tenth of <font>June</font> last, she was in Waiting on
her Majesty, who called her on the said Tenth
of <font>June</font> in the Morning, and told her the
<pagebreak id="18" />
<font>Deponent</font> , she was in Pain, and bid her send for the
Midwife, her Ladies and Servants, after which
she the <font>Deponent</font> stay'd with the Queen during
her Labour, and until she was delivered of the
<font>Prince</font> of <font>Wales</font> .</nonSpeech>
<nonSpeech>* The Mark of <font>Pelegrina X Turini</font> .</nonSpeech>

<nonSpeech> <font>Mrs.</font> Anna Cary, <font>One of the Gentlewomen of the
   Bed-chamber to the</font> Queen Dowager, <font>deposeth</font> , 
   That she waited on the <font>Queen Dowager</font> from
<font>Somerset-house</font> to St. <font>James's</font> the Day the
Queen was brought to Bed, and went into the
Queen's Bed-chamber, where she this <font>Deponent</font>
stay'd, till the Queen was deliver'd, and saw the
Prince as soon as he was born.</nonSpeech>
<nonSpeech>* <font>Anna Cary.</font> </nonSpeech>

<nonSpeech> <font>Mrs.</font> Mary Anne Delabadie, <font>Dry Nurse to the
   Prince, deposeth</font> ,
   That she was with the <font>Queen</font> all the time her
Majesty was with Child, and dress'd her
every Day, and in all the Nine Months did not
miss above Six Days, and that at several times
be reason of Sickness.
   That on <font>Sunday</font> Morning the Tenth of <font>June</font>
last, she the <font>Deponent</font> was sent for to the <font>Queen</font> ,
who was in Labour, That the <font>Deponent</font> came
presently, and was with the <font>Queen</font> all the Time
of her Labour, and that kneeling down by the
Midwife, giving her Cloaths for the <font>Queen</font> , the
Midwife told this <font>Deponent</font> , that immediately
on the next Pain, the <font>Queen</font> would be delivered,
which accordingly she was. That this
<pagebreak id="19" />
<font>Deponent</font> whisper'd to the Midwife, asking whether
it was a Girl, she answer'd</nonSpeech><dialogue> No; </dialogue><nonSpeech>whereupon
the Midwife parted the Child, and put it into
the Receiver (that the <font>Deponent</font> had given her)
and then delivered the Child to the <font>Deponent</font> ,
and bid her go and carry it to the Fire, and take
care of the Navel, which this <font>Deponent</font> did, and
the King and Council followed her, and the
King asked this <font>Deponent</font> , what it was, who
answered,</nonSpeech><dialogue> what he desired; </dialogue><nonSpeech>the King replyed,</nonSpeech><dialogue>
But let me see, </dialogue><nonSpeech>whereupon the <font>Deponent</font>
presently shewed his Majesty that it was a Son, and
the Privy Counsellours then present saw it one
after another. The <font>Deponent</font> sat with the Prince
in her Lap, till the Midwife had done with the
<font>Queen</font> , then the Midwife came and took the
Prince from this <font>Deponent</font> , and asked for a Spoon
for to give it Three Drops of the Blood of the
Navel-string, which the Midwife cut off by
the Advice of the Physicians, who said, it
was good against Fits. That the <font>Deponent</font> held
the Spoon when the Midwife dropp'd the Blood
into it, and stirr'd it with a little Black Cherry
Water, and then it was given to the Prince;
that the <font>Queen</font> sent for this <font>Deponent</font> , and gave
her the Prince to take care of him in quality of
Dry Nurse, which she has hitherto done; and
further deposeth it to be the same Child that
was born of the <font>Queen</font> . And that Mrs.
<font>Danvers</font> , One of the Princess of <font>Denmark's</font> Women,
and formerly Nurse to the Lady <font>Isabella</font> , 
coming to see the Prince, she told this <font>Deponent</font> ,
<pagebreak id="20" />
she was glad to see the same Marks upon his
Eye, as the <font>Queen's</font> former Children had.</nonSpeech>
<nonSpeech>* <font>Mary Anne Delabadie.</font> </nonSpeech>

   <nonSpeech> <font>Mrs.</font> Judith Wilks <font>deposeth</font> ,
   That being the <font>Queen's</font> Midwife, she came
often to her, especially when her
Majesty was in any Danger of miscarrying, and
many times felt the Child stir in her Belly, and saw
the Milk run out of her Majesty's Breasts;
That on <font>Trinity Sunday</font> last in the Morning
about Eight of the Clock, the <font>Queen</font> sent Mr.
<font>White</font> , Page of the Back-stairs, to call her this
<font>Deponent</font> , believing her self in Labour; when the
<font>Deponent</font> came, she found the <font>Queen</font> in great Pain
and Trembling; the <font>Queen</font> told her she feared
it was her Labour, it being near the Time of
her first Reckoning, she the <font>Deponent</font> desired
her Majesty not to be afraid, saying, she did not
doubt that it was her full Time, and hoped her
Majesty would have as good Labour as she
always had; and whilst her Majesty was sitting
trembling, her Water broke, and immediately
she sent for the King, he being gone to his own
Side, and let him know in what Condition she
was, and desired him to send for whom he 
pleased to be present. The <font>Queen</font> ordered this
<font>Deponent</font> to send for Mrs. <font>Dawson</font> and the rest of
her Women; Mrs. <font>Dawson</font> came presently, and
the Countess of <font>Sunderland</font> with her, and the
rest of the Women also; that most of them saw
her this <font>Deponent</font> make the Bed fit for the <font>Queen</font>
to be delivered in; which when it was ready
<pagebreak id="21" />
her Majesty was put into, and about Ten a Clock
that Morning, the <font>Queen</font> was delivered of the
Prince of <font>Wales</font> by her this <font>Deponent's</font>
Assistance, and afterwards she the <font>Deponent</font> shewed
the After-burthen to the Physicians, and before
them the <font>Deponent</font> cut the Navel-string, and
gave the Prince Three Drops of his Blood, to
prevent Convulsion Fits, according to their
Order. And this <font>Deponent</font> further saith, That
when the Child was born, it not crying, the
<font>Queen</font> said she thought it was dead, this
<font>Deponent</font> assured her Majesty it was not, and desired
Leave to part the Child from the After-burthen:
Which the <font>Queen</font> was unwilling to have done,
thinking it might be dangerous to her self; but
the <font>Deponent</font> assuring her Majesty it would not, 
her Majesty gave Consent; whereupon the
Child presently cryed, and then the <font>Deponent</font>
gave it to Mrs. <font>Labadie</font> .</nonSpeech>
<nonSpeech>* <font>Judith Wilkes.</font> </nonSpeech>

<nonSpeech> <font>Mrs.</font> Elizabeth Pearse, <font>Laundress to the Queen,
   deposeth</font> ,
   That about Nine of the Clock on the 10th
of <font>June</font> last in the Morning, she came
into the Bed-chamber, and heard the <font>Queen</font> cry
out, being in great Pain, in which she
continued until her Delivery; after which she the
<font>Deponent</font> saw the Prince of <font>Wales</font> given by the
Midwife to Mrs. <font>Labadie</font> ; That immediately
after the <font>Deponent</font> saw the Midwife hold up the
After-burthen, shewing it to the Company, and
then the <font>Deponent</font> fetch'd her Maids, and
<pagebreak id="22" />
with them took away all the foul Linnen hot as
they came from the <font>Queen</font> ; That for a Month
after her Majesty's Lying in, the <font>Deponent</font> well
knows by the washing of her Linnen, that the
<font>Queen</font> was in the same Condition that all other
Women use to be on the like Occasion; And
that some time after her quick'ning it appeared
by her Smocks, that her Majesty had Milk in
her Breasts, which continued until she was
brought to Bed, and afterwards during the
usual Time.</nonSpeech> <nonSpeech> <font>Elizabeth Pearse.</font> </nonSpeech>

<nonSpeech>Frances <font>Dutchess of</font> Richmond <font>and</font> Lenox, <font>deposeth</font> ,
   That she the <font>Deponent</font> was not at the <font>Queen's</font>
Labour, because she did not know it Time
enough, but as soon as she did, she made all the
Haste she could to dress her; but the <font>Queen</font> was
delivered before she the <font>Deponent</font> came; And
that at a Time when the <font>Queen</font> apprehended
she should miscarry, and the Physicians made
her Majesty keep her Bed for that Reason, the
<font>Deponent</font> went one Evening to wait upon her
Majesty, and as she stood by her Bed-side, her
Majesty said to her,</nonSpeech><dialogue> <font>My Milk is now very
troublesome, it runs out so much</font> . </dialogue><nonSpeech>The <font>Deponent</font> asked
the <font>Queen</font> if it used to do so; who answered,</nonSpeech><dialogue>
<font>It used to run out a little, but now the Fright I am
in of miscarrying, makes it run out very much, as you
may see</font> , </dialogue><nonSpeech>throwing down the Bed Cloaths to the
Middle of her Stomach, and shewing her
Smock upon her Breast to the said <font>Deponent</font> ,
which was very wet with her Milk.</nonSpeech>
<nonSpeech>* <font>F. Richmond</font> and <font>Lenox</font> .</nonSpeech>
<pagebreak id="23" />
   <nonSpeech>Charlotte, <font>Countess of</font> Litchfield, <font>deposeth</font> ,
   That she was not at the <font>Queen's</font> Labour,
(being in Child-bed her self) but that she
was almost constantly with the <font>Queen</font> , while she
was with Child, and hath put on her Smock,
and seen the Milk run out of her Breast, and felt
her Belly; so that she is sure she could not be
deceived, but that the <font>Queen</font> was with Child.</nonSpeech>
<nonSpeech>* <font>C. Litchfield.</font> </nonSpeech>

   <nonSpeech>Anne <font>Countess of</font> Marischall, <font>deposeth</font> ,
   That she was several times in the <font>Queen's</font>
Bed-chamber when she shifted her self,
and hath seen her Smock stain'd with her Milk;
That she was not at the <font>Queen's</font> Labour, tho'
sent to by One of her Ladies, being sick of a
Fever; but does in her Conscience believe her
Majesty was with Child, both by her Belly and
her Milk.</nonSpeech>
<nonSpeech> <font>A. Marischall.</font> </nonSpeech>

<nonSpeech>George <font>Lord</font> Jeffreys, <font>Lord Chancellour of</font>
   England, <font>deposeth</font> ,
   That he being sent for to St. <font>James's</font> on the
Tenth of <font>June</font> last by a Messenger that
left Word the <font>Queen</font> was in Labour; soon after
he, this Deponent, came to St. <font>James's</font> , and
was sent for into the <font>Queen's</font> Bed-chamber, and
to the best of his, the Deponent's
Apprehension the <font>Queen</font> was in Labour, and had a Pain
or two to the best of the Deponent's
Remembrance, before the rest of the Lords were called
in. The Deponent stood all the time at the
<pagebreak id="24" />
<font>Queen's</font> Bedside, and heard her cry out several
Times as Women in Travail use to do, and at
length after a long Pain, it was by some of the
Women on the other Side of the Bed said the
Child was born. The Deponent heard the
<font>Queen</font> say, she did not hear it cry. The
Deponent immediately ask'd the Lord President
what it was, he whispered that it was a Boy,
which the deponent understood he had hinted 
to him by the Lady <font>Sunderland</font> . Immediately
the Deponent saw a Gentlewoman, who he
hath since heard her Name to be Mrs. <font>Labadie</font> ,
carry the Child into another Room, whither
the Deponent followed, and saw the Child when
she first opened it, and saw it was black and
reeking; so that it plainly seemed to this Deponent
to have been newly come from the Womb. The
Deponent doth therefore depose, he doth
stedfastly believe the <font>Queen</font> was delivered of that
Child that very Morning.</nonSpeech>
<nonSpeech> <font>Jeffreys C.</font> </nonSpeech>

<nonSpeech>Robert <font>Earl of</font> Sunderland, <font>Lord President of
   His Majesty's Privy Council, and Principal
   Secretary of State, deposeth</font> ,
   That on <font>Sunday</font> Morning the 10th of <font>June</font>
last, he was sent to, to come to St. <font>James's</font> ,
the <font>Queen</font> being in Labour. The Deponent
immediately went, and found many Lords of
the Council there. After having been some
time in an outward Room, first the Lord
Chancellour, and then the rest of the Council were
called into the <font>Queens's</font> Bed-chamber, where in a
<pagebreak id="25" />
short time her Majesty was brought to Bed.
The Deponent saw Mrs. <font>Labadie</font> carry the Child
into the next Room, whither the Deponent
followed, with many more, and saw it was a
Son, and had the Marks of being new born.</nonSpeech>
<nonSpeech> <font>Sunderland</font> P.</nonSpeech>

<nonSpeech>Henry <font>Lord</font> Arundel <font>of</font> Wardour, <font>Lord Privy
   Seal, deposeth</font> ,
   That on the 10th of <font>June</font> last, being
<font>Sunday</font> , he had Notice given him that the
<font>Queen</font> was in Labour; whereupon the
Deponent repaired to St. <font>James's</font> betwixt Nine and
Ten of the Clock in the Morning, where he
found several Lords of the Council; in a little
time after they were all called into the <font>Queen's</font>
Bed-chamber; in less than a Quarter of an
Hour after, she fell into the Sharpness of her
Labour, her Cries were so vehement, and
especially the last, that the Deponent could not
forbid himself the being concern'd for her great
Pain; which the Deponent expressing to the
Lord Chancellour, he told the Deponent it was
a Sign Her Majesty would the sooner be
delivered, or Words to that Purpose, which proved
very true, for presently after she was so; the
Deponent heard a Whispering up and down that
it was a Prince, for no Man was permitted to
speak it aloud, lest the sudden Knowledge of it
might have discomposed the <font>Queen</font> ; the
Deponent did not go in with some Lords when the
Child was carry'd into the next Room, which
<pagebreak id="26" />
was the Occasion the Deponent did not see him
when he was uncovered and dress'd.</nonSpeech>
<nonSpeech>* <font>Arundel</font> C. P. S.</nonSpeech>

<nonSpeech>John <font>Earl of</font> Mulgrave, <font>Lord Chamberlain of His
   Majesty's Houshold, saith, it is not to be expected 
   one of his Sex should be able to give full Evidence
   in such a Matter, but deposeth</font> ,
   That he was just at the Bed's Feet, and
heard the Queen cry very much, then
the <font>Deponent</font> followed the Child into the other
Room, and it seemed a little black; the
Deponent also saw it was a Boy.</nonSpeech>
<nonSpeech> <font>Mulgrave.</font> </nonSpeech>

   <nonSpeech>William <font>Earl of</font> Craven, <font>deposeth</font> ,
   That he attending the King at St. <font>James's</font> ,
the 10th of <font>June</font> last, in the Morning,
to receive the Word of his Majesty; the King
had Notice brought him, that the Queen was
upon the Point of falling into Labour, upon
which the King commanded this <font>Deponent's</font>
Stay and Attendance; and after the Space of
One Hour and something more, this <font>Deponent</font>
was, with some other Lords of his Majesty's
Privy Council, called into the Queen's Great
Bed-chamber to be present at her Delivery, and
as near as this <font>Deponent</font> can remember, the
Queen made Three Groans or Squeeks, and at
the Last of Three was delivered of a Child;
the which was carry'd out into the Little
Bed-chamber; and there by the Fire this <font>Deponent</font>
<pagebreak id="27" />
saw it cleansing: And this <font>Deponent</font> further
saith, That he took that particular Mark of
this Child, that he may safely averr, that the
Prince of <font>Wales</font> is that very Child that then was
so brought out of the Queen's Great 
Bed-chamber, where this <font>Deponent</font> and others were
present, as aforesaid, at her Majesty's Labour
and Delivery.</nonSpeech>
<nonSpeech> <font>Craven.</font> </nonSpeech>

<nonSpeech>Lewis <font>Earl of</font> Feversham, <font>Lord Chamberlain to
   Her Majesty the Queen Dowager, deposeth</font> ,
   That being in Bed upon the 10th of <font>June</font>
between 8 and 9 a Clock in the 
Morning, Mr. <font>Nicholas</font> , One of his Majesty's
Grooms of his Bed-chamber, came into this
<font>Deponent's</font> Room, and told him that the King
had sent him to tell the <font>Queen Dowager</font> , that
the Queen was in Labour, and told him further
that the <font>Queen Dowager</font> had given Order for her
Coach, as soon as she heard the News of the
Queen's Labour. The <font>Deponent</font> dressed
himself with all speed, and came to wait upon the
Queen Dowager, who was ready to go into her
Coach, as she did; the <font>Deponent</font> went into
One of her Coaches to wait upon her Majesty as
he us'd to do, having the Honour to be her
Lord Chamberlain; we went to St. <font>James's</font> ,
and then led her Majesty into the Queen's
Bed-chamber, and finding the Queen in Pain,
the Deponent went into the next Room, where
were several Lords of the Privy Council, from
whence the <font>Deponent</font> heard the <font>Queen</font> cry out
<pagebreak id="28" />
several times, and a very little after the Lords
of the Council were called in, and the <font>Deponent</font>
followed them into the Bed-chamber, and a
very little after the <font>Queen</font> cry'd louder, and then
said,</nonSpeech><dialogue> Pray do not tell me what it is yet. </dialogue><nonSpeech>The
<font>Deponent</font> went out of the Room, to tell the News,
that the <font>Queen</font> was brought to Bed; and when
the <font>Deponent</font> came in again, the News was,
that it was a Prince; and immediately the 
<font>Deponent</font> saw Mrs. <font>Labadie</font> with the Child wrapp'd
up in her Hands, and in the Crowd; upon
which the <font>Deponent</font> desired to make room for
the Prince, and followed her into the Little
Bed-chamber, where the <font>Deponent</font> saw the
Prince as a Child newly born, as he believed it.</nonSpeech>
<nonSpeech> <font>Feversham.</font> </nonSpeech>

   <nonSpeech>Alexander <font>Earl of</font> Morray <font>deposeth</font> ,
   That he came not to St. <font>James's</font> till half an
Hour after the <font>Queen</font> was brought to
Bed, and only heard that her Majesty was
brought to Bed of a Prince, which the <font>Deponent</font>
verily believes, as he is alive, she brought
into the World that very Morning, being the
10th of <font>June</font> last, 1688.</nonSpeech>
<nonSpeech>* <font>Morray.</font> </nonSpeech>

<nonSpeech>Charles <font>Earl of</font> Middleton, <font>One of his Majesty's
   principal Secretaries of State, deposeth</font> ,
   That the 10th of <font>June</font> last past, 
betwixt 8 and 9 of the Clock in the
Morning, he had Notice that the <font>Queen's</font> Majesty
was in Labour, whereupon the <font>Deponent</font> made
<pagebreak id="29" />
what Haste he could to St. <font>James's</font> ; the 
<font>Deponent</font> found the Earl of <font>Craven</font> waiting at the
<font>Queen's</font> Bed-chamber Door towards the
Drawing-room, which was then shut; just after
the King opened it, and called the Earl of
<font>Craven</font> and the <font>Deponent</font> in; the <font>Deponent</font> asked his
Majesty, how the <font>Queen</font> was? He was pleased
to answer the <font>Deponent</font> ,</nonSpeech><dialogue> you are a married
Man, and so may know these Matters; the
Water is broke or come away, </dialogue><nonSpeech>or to that effect;
and then bid the <font>Deponent</font> go into the
Dressing-room within the Bed-chamber, where the
<font>Deponent</font> found several Persons of <font>Quality</font> ; above
half an Hour after, to the best of this
<font>Deponent's</font> Memory, all the Company in that Room
were called into the Bed-chamber; the
<font>Deponent</font> stood near the Bed's Feet on the left Side,
where he heard the Queen's Groans, and
presently after several loud Shrieks; the last, the
Deponent remembers continued so long, that
he then wondred how any Body could hold their
Breath so long; presently after, the Deponent
heard them say, the Queen was delivered:
Whereupon the Deponent stepped up to the
Bed-side, and saw a Woman, he supposes, the
Midwife, kneeling at the other Side of the Bed,
who had her Hands and Arme within the
Bed-cloaths for a pretty while, then the <font>Deponent</font> saw
her spread a Cloth upon her Lap, and laid the
End of it over the Bed-cloaths, and then fetch
a Child (as the Deponent firmly believes, for he
could not then see it) out of the Bed into that
Cloth, and give it to Mrs. <font>Labadie</font> , who brought
<pagebreak id="30" />
it round to the Side where the <font>Deponent</font> stood,
and carry'd it into a little Room, into which
the <font>Deponent</font> immediately followed the King,
and saw her sit down by the Fire, and heard
her say,</nonSpeech><dialogue> It is a Boy; </dialogue><nonSpeech>upon which the King
said,</nonSpeech><dialogue> Let me see it; </dialogue><nonSpeech>thereupon she laid open
the Cloth, and shewed all the Child, saying,</nonSpeech><dialogue>
There's what you wish to see; </dialogue><nonSpeech>The Deponent
doth not charge his Memory with the very
Words, but the Sense of what he heard. The
Deponent looked upon the Child at the same 
time, which appeared to be very foul. This
Deponent desireth Pardon if he doth not know
the proper Expression, but hopes his Meaning
is plain.</nonSpeech>
<nonSpeech> <font>Middleton.</font> </nonSpeech>

   <nonSpeech>John <font>Earl of</font> Melfort, <font>deposeth</font> ,
   That on <font>Sunday</font> the 10th of <font>June</font> last, betwixt
8 and 9 in the Morning, the <font>Deponent</font>
was informed, that the Queen was in Labour;
The Deponent went to St. <font>James's</font> and waited
in the Queen's Drawing-room till some of the
Gentlemen told him he might go in; the
Deponent scratched at the Door of the Bed-chamber,
and finding no Answer, he ran down by the
Garden Side and came to the Queen's
Back-stairs, and finding the Dressing-room Door 
open, the <font>Deponent</font> went into the Queen's
Bed-chamber, where he saw a great Number of
Company, Lords and Ladies standing about
the Bed: The Deponent heard the Queen cry
out in great Pain, as Women use to do when
<pagebreak id="31" /> 
they are near being brought to Bed; the
Deponent heard her complain, and a Woman's Voice
which the Deponent thought to be the Midwife,
telling her, she would be quickly well, she
would be brought to Bed immediately; within
a little the Deponent heard the Ladies behind
the Bed say, the Queen was brought to Bed,
and the Queen cry out,</nonSpeech><dialogue> The Child is dead, I
do not hear it cry, </dialogue><nonSpeech>and immediately the Child
cryed; within a little the Deponent saw a
Woman bring a Child from within the Bed; the
Deponent looked so earnestly at the Child, that he
knew not what Woman it was; the Child was
in the Condition of a new born Child, lapp'd up
in loose Cloaths; the Deponent saw him carried
into the Little Bed-chamber, and went about
by the Dressing-room, and entred by the other
Door into the Room where the Prince was, and
saw him in the Condition of a new born Child;
and the Deponent by the Oath he hath taken,
believes him to be the Queen's Child.</nonSpeech>
<nonSpeech>* <font>Melfort.</font> </nonSpeech>

<nonSpeech>Sidney <font>Lord</font> Godolphin, <font>Lord Chamberlain to the
   Queen, deposeth</font> ,
   That he was called into the Queen's 
<font>Bed-chamber</font> , with the rest of the Lords of the
Council, being one of the last; and the Queen
Dowager being there, and several Ladies, the Room
was so full that the Deponent could not get near
the <font>Bed</font> , but stood by the Chimney; There the
Deponent heard the Queen cry out several times,
as Women use to do that are in Labour; and the
<pagebreak id="32" />
last Cry that the Deponent heard, was much
greater than the other; immediately upon that,
the Deponent was called out of the Room, to
give some Directions about the Lodgings that
were preparing for the Child, which were not
ready; the <font>Deponent</font> made hast back again, but
as he was coming, he met People running with
the News that the Queen was Deliver'd of a Son,
whereupon the Deponent went into the little
<font>Bed-chamber</font> , and saw the Child.</nonSpeech>
<nonSpeech> <font>Godolphin.</font> </nonSpeech>

   <nonSpeech> <font>Sir</font> Stephen Fox, <font>Knight, Deposeth</font> ,
   That on <font>Sunday</font> the 10th of <font>June</font> last past,
about 9 of the Clock, as he came out of the
Chappel at <font>Whitehall</font> after the first Sermon,
hearing that the Queen was in Labour, he, the 
Deponent, made haste to St. <font>James's</font> , because in
waiting, as an Officer of the Green Cloth, to
warn the several Servants below Stairs to be in
their Offices, that upon that occasion there might 
not happen to be any thing wanting of Houshold
Provisions and Necessaries under his, this
Deponent's, Command; but first going up by the
Back-Stairs, into her Majesty's Dressing-Room, and
being there with many others, he heard her
Majesty cry out very loudly; whereupon this
Deponent hastned to the <font>Green-Cloth</font> , and ordered the
several Servants to deliver out of their several
Offices whatsoever should be called for, and as this
Deponent was returning back to the Queen's
said Dressing-Room, he was told, A Prince was
Born: Upon which News, He, this Deponent,
<pagebreak id="33" />
went into the Queen's Little Bed-chamber, and
saw the young Child before he was dress'd.</nonSpeech>
<nonSpeech> <font>Ste. Fox.</font> </nonSpeech>

   <nonSpeech> <font>Lieut. Col.</font> Edward Griffin, <font>deposeth</font> ,
That upon <font>Sunday</font> the 10th of <font>June</font> last, he had
the Honour to be in waiting upon the King
with the Stick, and between 8 and 9 in the
Morning, this Deponent was in the Queen's
Dressing Room at St. <font>James's</font> , with several Lords of
the Council, and after some time we were there,
the King came out of the Queen's <font>Bed-chamber</font> ,
and called all the Lords in, and this Deponent
went in along with them, being in waiting;
immediately after the said Lords and this Deponent
were in the Room; the Queen cryed out
extremely, and said,</nonSpeech><dialogue> <font>Oh, I die; you kill me, you kill me</font> : </dialogue><nonSpeech>And
the Midwife (as this Deponent believeth)
answered,</nonSpeech><dialogue> <font>This one Pain, Madam, and 'twill be over</font> ;
</dialogue><nonSpeech>then presently Mrs. <font>Dawson</font> made this Deponent
the Sign that the Child was born: Then this
<font>Deponent</font> heard the Queen say,</nonSpeech><dialogue> <font>Don't tell me what it is
yet</font> ; </dialogue><nonSpeech>and Mrs. <font>Dawson</font> came to this Deponent, and
whispered him in the Ear,</nonSpeech><dialogue> <font>'Tis a Prince, but don't
take notice of it yet</font> . </dialogue><nonSpeech>Then Mrs. <font>Delabadie</font> brought
away the Child from the <font>Bed-side</font> , and carry'd it
into the Little Bed-chamber, and the King and
the Lords of the Council went after her, but this
Deponent did not follow them.</nonSpeech> <nonSpeech> <font>Edward Griffin.</font> </nonSpeech>

<nonSpeech> <font>Sir</font> Charles Scarburgh , <font>First Physician to the King,
   deposeth</font> ,
   That upon the Deponent's coming to
Visit Her Majesty then lying at St.
<font>James's</font> on <font>Sunday</font> the 10th of <font>June</font> , 1688. as
<pagebreak id="34" />
the Deponent went up the Back-stairs, he heard
the joyful Acclamation that a Prince of <font>Wales</font> was
born, upon which the Deponent hastned 
presently into the Little Bed-chamber, where the
Deponent found Mrs. <font>Labadie</font> just sitting down before
the Fire, with the new born Prince wrapped in
the Mantles, lying in her Lap. Then passing to
the Queen in the next Bed-chamber, the
Deponent congratulated the happy Birth of the Prince,
and her Majesty's safe Delivery. The Queen was
wearied and panting, but otherwise in good
Condition: Then the <font>Midwife</font> brought to the
Deponent the <font>After-birth</font> reeking warm, which Sir
<font>Thomas Witherley</font> with the Deponent examined, and
found very sound and perfect. After a while the
Deponent understood that a <font>Medicine</font> was
mentioned among the Ladies for a certain Remedy
against Convulsions: It was some Drops of Blood
from the Navel-string; the Deponent consulted
Sir <font>Thomas Witherley</font> and the other Physicians; and
to satisfie the Women, it was allowed of; there
being, as was conceived, no Danger in the thing.
Whereupon, the <font>Midwife</font> , with a small Knife slit
the Navel-string beyond the Ligature, from
which came some Drops of fresh Blood, taken in a
Spoon, and given the Child, being mixed with a
little <font>Black-cherry-water</font> . Thus much the Deponent
hath to say upon her Majesty's present Delivery.</nonSpeech>
   <nonSpeech>Now for the Time of the Queen's Conception,
she often told the Deponent and others, that she
had two Reckonings; One, from <font>Tuesday</font> the 6th
of <font>September</font> , when the King returned from his
Progress to the Queen then at <font>Bath</font> ; and the other,
from <font>Thursday</font> the 6th of <font>October</font> , when the Queen
<pagebreak id="35" />
came to the King at <font>Windsor</font> ; but for some
Reasons the Queen rather reckoned from the latter;
tho' afterward it proved just to agree with the
former. <font>Moreover</font> , her Majesty, when, according
to her Reckoning, she was gone with Child 12 
Weeks, said, That she was quick, and perceived
the Child to move; the Deponent returned no
Answer to the Queen, but privately told those
about her, that in truth it could not so be in so short
a Time. Yet the Queen was in the right, only
mistook her Reckoning; for she was then full
Sixteen Weeks gone with Child; about which time
she usually quickned with her former Children,
and accordingly was brought to Bed on the 10th
of <font>June</font> 1688, and within Three or Four Days of
full Forty Weeks.</nonSpeech> <nonSpeech> <font>Charles Scarburgh.</font> </nonSpeech>

<nonSpeech> <font>Sir</font> Thomas Witherley, <font>second Physician to the
   King, deposeth</font> ,
   That on <font>Sunday</font> the 10th of <font>June</font> , the 
Deponent was present in the Queen's <font>Bed-chamber</font> ,
when the Prince of <font>Wales</font> was born; the
Deponent saw Mrs. <font>Labadie</font> bring the Child from the
Midwife, and carry him into the next Room, 
whither the Deponent followed her, and saw the
Child before he was cleaned; and having a
Command from the Queen, that there should be Two
Drops of the Blood of the After-burthen given the
first thing; we the said Deponent and the other
Physicians did take Two Drops of Blood from
the Navel-string which remained upon the Child,
and gave it in a Spoonful of <font>Black-cherry-water</font> , as
the Queen commanded. After this the Deponent
saw (as also did the other Physicians) the
After-burthen entire.</nonSpeech> <nonSpeech> <font>Tho. Witherley.</font> </nonSpeech>
<pagebreak id="36" />
<nonSpeech> <font>Sir</font> William Waldgrave <font>Knt. Her Majesty's first
   Physician, Deposeth,</font> ,
   That in the Progress of Her Majesty's being 
with Child, the Deponent having the
Honour to wait upon Her as usual, upon the 13th
of <font>February</font> 1687. about Ten in the Morning,
she told the Deponent, she had Milk in her
<font>Breasts</font> which dropp'd out; it was then thought
the 19th Week according to One Reckoning,
but according to Another Reckoning, it was the
One or Two and Twentieth Week; The 
Deponent also Affirmeth, that Her Majesty took such
Adstringent Medicines, during the most part of
her being with Child, in order to avoid
Miscarriage; That if she had not been with Child,
they must have been Prejudicial to her Health,
and of dangerous Consequence. Upon the 10th of
<font>June</font> 1688. the Deponent was called at his
Lodging in <font>Whitehall</font> to wait upon the Queen, being
told she was in Labour, upon which the Deponent
immediately went to St. <font>James's</font> , and so into the
Queen's <font>Bed-Chamber</font> , and found her beginning
her Labour, it being about Eight of the Clock
in the Morning; The Deponent stirr'd not from
thence, but to get such Medicines as were fit for
Her Majesty, and then return'd again, and was
in the <font>Bed-Chamber</font> when she Cry'd out, and
was Deliver'd; The Deponent followed Mrs. 
<font>Delabadie</font> , who took the Prince in her Arms so
soon as he was Born, and carried him into the
little <font>Bed-Chamber</font> , where the Deponent saw
him upon her Lap, and was by when he took
two or three drops of the Navel-string fresh 
warm Blood, which was mix'd with
<pagebreak id="37" />
<font>Black-Cherry-Water</font> , then returned into the great
Bed-Chamber, where the Deponent saw the
After-burthen fresh and warm.</nonSpeech> <nonSpeech>* <font>William Waldgrave.</font> </nonSpeech>

<nonSpeech> <font>Dr.</font> Robert Brady, <font>one of His Majesty's
   Physicians in Ordinary, Deposeth</font> ,
   That a little before Ten of the Clock in the
Morning, on the Tenth of <font>June</font> 1688. the
Deponent was in the Queen's little <font>Bed-Chamber</font>
at St. <font>James's</font> , where the Deponent saw the
Prince of <font>Wales</font> in Mrs. <font>Labadie's</font> Lap by the Fire
side; the <font>Deponent</font> desired to see the Linnen and
Blankets opened in which he was wrapped;
which being done, the <font>Deponent</font> saw it was a
Male Child, and the Navel-string hanging down
to, or below the Virile parts, with a Ligature
upon it, not far from the <font>Body</font> , but did not see
any After-burthen, hanging at, or joined to it,
not being at the <font>Birth</font> ; The <font>Deponent</font> asked how
long he had been Born, the standers by told him,
At three Quarters of an Hour after Nine of the
Clock, the Queen was delivered.</nonSpeech> <nonSpeech> <font>Robert Brady.</font> </nonSpeech>

<nonSpeech>James St. Amand, <font>their Majesties Apothecary,
   Deposeth</font> ,
   That from the beginning of <font>November</font> last, he
hath generally every day, till the 9th of <font>June</font>
1688. given, by the Physicians Orders,
Restringent and Corroborating Medicines to the
Queen's Majesty; That on the 10th of <font>June</font> he
was sent for in haste to come to St. <font>James's</font> to her
Majesty, who, the Messenger told him, was in
Labour; That the Deponent then received a Note
from the Physicians for Medicines for her
Majesty, which the Deponent was obliged to stay and 
<pagebreak id="38" />
prepare, and so came not to St. <font>James's</font> till the
Queen was Delivered; the Deponent meeting,
just as he was going into the <font>Bed-Chamber</font> , Mrs.
<font>Labadie</font> with the Young Prince in her Arms; the
KING, and several of the Lords, soon after
following into the little <font>Bed-Chamber</font> ; where the
Deponent saw the Child Naked, before it was
Cleansed from the Impurities of its Birth; and
also saw the Navel-string cut, and some drops
of fresh Blood received into a Spoon, which the
Deponent mingled with a little 
<font>Black-Cherry-Water</font> , and saw given by the Physicians Orders to
the Child; And afterwards going into the Great 
<font>Bed-Chamber</font> , where the Queen was delivered, he
saw the After-burthen, <font>&amp;c.</font> fresh.</nonSpeech> <nonSpeech> <font>Ja. St. Amand.</font> </nonSpeech>




  </dialogueText>
</dialogueDoc>