<?xml version="1.0" encoding="ISO-8859-1"?>

<!DOCTYPE dialogueDoc SYSTEM "dialogueDoc.dtd" >

<?xml-stylesheet type="text/xsl" href="dialogueWebRender.xsl"?>


<dialogueDoc id="D5CGARRI">
  <dialogueHeader>

    <filename>D5CGARRI</filename>

    <identifier>5 COMEDY D5CGARRI</identifier>

    <title>THE MALE-COQUETTE</title>

    <author>GARRICK DAVID</author>

    <subperiod>5: 1720-1760</subperiod>

    <speechPubDate>5: 1757</speechPubDate>

    <contemporaneity sourceDate="SAME">Source text dates from same year as the first printing / original speech event</contemporaneity>

    <textType typeCode="COMEDY">Drama comedy</textType>

    <textBibliography>
      <attribution type="AUTHOR">GARRICK, DAVID.</attribution>
      <frontMatter>THE MALE-COQUETTE: OR, SEVENTEEN HUNDRED FIFTY-SEVEN.
IN TWO ACTS. AS IT IS PERFORMED AT THE THEATRE-ROYAL IN DRURY-LANE.
(...)
LONDON: PRINTED FOR P. VAILLANT, FACING SOUTHAMPTON-STREET, IN THE 
STRAND. 
MDCCLVII.
PP. 1.1 - 52.38
      </frontMatter>
    </textBibliography>
  </dialogueHeader>


  <dialogueText>
    <dialogue>

<comment type="compiler">SQUARE BRACKETS USED IN SOURCE TEXT TO INDICATE ASIDES AND  
STAGE DIRECTIONS ARE OMITTED. INDENTATION PRECEDING SPEECH OF 
EACH CHARACTER IN SOURCE TEXT IS OMITTED.</comment>

<pagebreak id="1" />
</dialogue> <head>THE 
MALE-COQUETTE.</head> 

 <head>ACT I.</head> 

<nonSpeech> <font>Enter ARABELLA, and SOPHIA in Men's Cloaths.</font> </nonSpeech>

   <nonSpeech>ARABELLA.</nonSpeech><dialogue>
Indeed, my Dear, you'll repent this
Frolic.
   </dialogue><nonSpeech>SOPHIA.</nonSpeech><dialogue> 
Indeed, my Dear, then it will be the
first Frolic I ever repented in all my 
Life. Lookee, <font>Bell</font> , 'tis in vain to
oppose me, for I am resolv'd -- the only Way to
find out his Character, is to see him thus, and
converse freely with him. If he is the Wretch he is
reported to be, I shall away with him at once;
and if he is not, he will thank me for the Trial, and
our Union will be the stronger.
<pagebreak id="2" />
   </dialogue><nonSpeech>ARABELLA.</nonSpeech><dialogue>
I never knew a Woman yet, who had Prudence
enough to turn off a pretty Fellow, because he had
a little more Wickedness than the rest of his
Neighbours.
   </dialogue><nonSpeech>SOPHIA.</nonSpeech><dialogue>
Then I will be the first to set a better Example.
-- If I did not think a Man's Character was of some
Consequence, I should not now run such Risques, and
encounter such Difficulties, to be better acquainted
with it.
   </dialogue><nonSpeech>ARABELLA.</nonSpeech><dialogue>
Ha, <font>Sophy</font> ! if you have Love enough to be
jealous, and Jealousy enough to try these Experiments
-- don't imagine, tho' you should make terrible
Discoveries, that you can immediately quit your
Inclinations, with your Breeches; and return so very
philosophically to your Petticoats again, ha, ha! --
   </dialogue><nonSpeech>SOPHIA.</nonSpeech><dialogue>
You may be as merry with my Weaknesses, as
you please, Madam; but I know my own Heart,
and can rely upon it.
   </dialogue><nonSpeech>ARABELLA.</nonSpeech><dialogue>
We are great Bullies by Nature; but Courage
and Swaggering, are two Things, Cousin.
   </dialogue><nonSpeech>SOPHIA.</nonSpeech><dialogue>
Since you are as little to be convinc'd, as I am to
be persuaded -- your Servant -- </dialogue><nonSpeech> <font>Going.</font> </nonSpeech>
   <nonSpeech>ARABELLA.</nonSpeech><dialogue>
Nay, <font>Sophy</font> -- This is unfriendly -- if you are
resolv'd upon your Scheme, open to me without
Reserve, and I'll assist you.
   </dialogue><nonSpeech>SOPHIA.</nonSpeech><dialogue>
<font> <foreign>Imprimis</foreign> </font> , then; I confess to you, that I have a 
kind of whimsical Attachment to <font>Daffodil</font> ; not but
I can see his Vanities, and laugh at 'em.
<pagebreak id="3" />
   </dialogue><nonSpeech>ARABELLA.</nonSpeech><dialogue>
And like him the better for 'em --
   </dialogue><nonSpeech>SOPHIA.</nonSpeech><dialogue>
Pshaw! don't plague me, <font>Bell</font> -- my other Lover, 
the jealous Mr. <font>Tukely</font> --
   </dialogue><nonSpeech>ARABELLA.</nonSpeech><dialogue>
Who loves you too well to be successful --
   </dialogue><nonSpeech>SOPHIA.</nonSpeech><dialogue>
And whom I really esteem --
   </dialogue><nonSpeech>ARABELLA.</nonSpeech><dialogue>
As a good Sort of Man, ha, ha, ha.
   </dialogue><nonSpeech>SOPHIA.</nonSpeech><dialogue>
Nay, shou'd have lov'd him --
   </dialogue><nonSpeech>ARABELLA.</nonSpeech><dialogue>
Had not a prettier Fellow stept in between, who
perhaps does not care a Farthing for you --
   </dialogue><nonSpeech>SOPHIA.</nonSpeech><dialogue>
That's the Question, my Dear -- <font>Tukely</font> , I say,
either stung by Jealousy, or unwilling to lose me,
without a Struggle, has intreated me to know more
of his Rival, before I engage too far with him --
Many strange Things he has told me, which have
piqu'd me I must confess, and I am now prepar'd
for the Proof.
   </dialogue><nonSpeech>ARABELLA.</nonSpeech><dialogue>
You'll certainly be discover'd, and put to Shame.
   </dialogue><nonSpeech>SOPHIA.</nonSpeech><dialogue>
I have secur'd my Success already.
   </dialogue><nonSpeech>ARABELLA.</nonSpeech><dialogue>
What do you mean?
   </dialogue><nonSpeech>SOPHIA.</nonSpeech><dialogue>
I have seen him, convers'd with him, and am to
meet him again to-day, by his own Appointment.
<pagebreak id="4" />
   </dialogue><nonSpeech>ARABELLA.</nonSpeech><dialogue>
Madness! -- it can't be.
   </dialogue><nonSpeech>SOPHIA.</nonSpeech><dialogue>
But it has been, I tell you --
   </dialogue><nonSpeech>ARABELLA.</nonSpeech><dialogue>
How? how? -- Quickly, quickly, dear <font>Sophy</font> ? 
   </dialogue><nonSpeech>SOPHIA.</nonSpeech><dialogue>
When you went to Lady <font>Fanny's</font> last Night, and
left me, as you thought, little dispos'd for a Frolic,
I dress'd me as you see, call'd a Chair, and went to
the <font>King's-Arms</font> -- ask'd for my Gentleman, and
was shewn into a Room -- he immediately left his
Company, and came to me.
   </dialogue><nonSpeech>ARABELLA.</nonSpeech><dialogue>
I tremble for you.
   </dialogue><nonSpeech>SOPHIA.</nonSpeech><dialogue>
I introduc'd myself as an <font>Italian</font> Nobleman, just
arriv'd: <font>Il Marchese di Macaroni</font> --
   </dialogue><nonSpeech>ARABELLA.</nonSpeech><dialogue>
Ridiculous! -- ha, ha.
   </dialogue><nonSpeech>SOPHIA.</nonSpeech><dialogue>
An Intimate of Sir <font>Charles Vainlove's</font> , who is now
at <font>Rome</font> -- I told him my Letters were with my
Baggage, at the <font>Custom-house</font> -- He receiv'd me
with all the Openness imaginable, and wou'd have
introduc'd me to his Friends; I begg'd to be
excuse'd, but promis'd to attend him to-day, and am
now ready, as you see, to keep my Word.
   </dialogue><nonSpeech>ARABELLA.</nonSpeech><dialogue>
Astonishing! -- and what did you talk about?
   </dialogue><nonSpeech>SOPHIA.</nonSpeech><dialogue>
Of various Things -- Women among the rest; and
tho' I have not absolutely any open Acts of
Rebellion against him, yet, I fear he is a Traytor at Heart
-- and then such Vanity! -- but I had not Time
<pagebreak id="5" />
to make great Discoveries -- It was merely the
Prologue -- The Play is to come.
   </dialogue><nonSpeech>ARABELLA.</nonSpeech><dialogue>
Act your Part well, or we shall hiss you --
   </dialogue><nonSpeech>SOPHIA.</nonSpeech><dialogue>
Never fear me; you don't know what a mad,
raking, wild young Devil I can be, if I set my Mind
to it, <font>Bell</font> . </dialogue><nonSpeech> <font>Laying hold of her.</font> </nonSpeech>
   <nonSpeech>ARABELLA.</nonSpeech><dialogue>
You fright me! -- you shall positively be no
Bedfellow of mine any longer.
   </dialogue><nonSpeech>SOPHIA.</nonSpeech><dialogue>
I am resolv'd to ruin my Woman, and kill my
Man, before I get into Petticoats again.
   </dialogue><nonSpeech>ARABELLA.</nonSpeech><dialogue>
Take Care of a Quarrel tho' -- a Rival may be
too rough with you.
   </dialogue><nonSpeech>SOPHIA.</nonSpeech><dialogue>
No, no, Fighting is not the Vice of these Times;
and as for a little Swaggering -- damn it, I can do it as
well as the best of 'em.
   </dialogue><nonSpeech>ARABELLA.</nonSpeech><dialogue>
Hush, hush! Mr. <font>Tukely</font> is here --
   </dialogue><nonSpeech>SOPHIA.</nonSpeech><dialogue>
Now for a Trial of Skill; if I deceive him, you'll
allow that half my Business is done.
</dialogue><nonSpeech> <font>She walks aside, takes out a Glass, and looks at
the Pictures.</font> </nonSpeech>

<nonSpeech> <font>Enter</font> TUKELY.</nonSpeech>

   <nonSpeech>TUKELY.</nonSpeech><dialogue>
Your Servant Miss <font>Bell</font> -- I need not ask if
Miss <font>Sophy</font> be at home, for I believe I have seen her
since you did.
<pagebreak id="6" />
   </dialogue><nonSpeech>ARABELLA.</nonSpeech><dialogue>
Have you, Sir? You seem disconcerted, Mr.
<font>Tukely</font> : Has any Thing happen'd?
   </dialogue><nonSpeech>TUKELY.</nonSpeech><dialogue>
A Trifle, Madam -- but I was born to be trifled
with, and to be made uneasy at Trifles.
   </dialogue><nonSpeech>ARABELLA.</nonSpeech><dialogue>
Pray, what trifling Affair has disturb'd you thus?
   </dialogue><nonSpeech>SOPHIA.</nonSpeech><dialogue>
What's the Matter now? </dialogue><nonSpeech> <font>Aside.</font> </nonSpeech>
   <nonSpeech>TUKELY.</nonSpeech><dialogue>
I met Miss <font>Sophy</font> this Moment in a Hackney Chair,
at the End of the Street: I knew her by the Pink
Negligee`; but upon my crossing the Way to speak
to her, she turn'd her Head away, laugh'd violently,
and drew the Curtain in my Face.
   </dialogue><nonSpeech>SOPHIA.</nonSpeech><dialogue>
So, so; well said, Jealousy </dialogue><nonSpeech> <font>Aside.</font> </nonSpeech>
   <nonSpeech>ARABELLA.</nonSpeech><dialogue>
She was in Haste, I suppose, to get to her
Engagement.
   </dialogue><nonSpeech>TUKELY.</nonSpeech><dialogue>
Yes, yes, Madam; I imagine she had some 
Engagement upon her Hands -- But sure, Madam, her
great Desire to see her more agreeable Friends, need
not be attended with Contempt and Disregard to 
the rest of her Acquaintance.
   </dialogue><nonSpeech>ARABELLA.</nonSpeech><dialogue>
Indeed, Mr. <font>Tukely</font> , I have so many Caprices,
and Follies of my own, that I can't possibly answer
for my Cousin's too.
   </dialogue><nonSpeech>SOPHIA.</nonSpeech><dialogue>
Well said, <font>Bell</font> . </dialogue><nonSpeech> <font>Aside.</font> </nonSpeech>
<pagebreak id="7" />
   <nonSpeech>TUKELY.</nonSpeech><dialogue>
Answer, Miss! -- No, Heav'n forbid you should --
for my Part, I have given up all my Hopes as a
Lover, and only, now, feel for her as a Friend --
and indeed as a Friend, a sincere Friend -- I can't but
say, that going out in a Hackney Chair, without a
Servant, and endeavouring to conceal herself, is
somewhat incompatible with Miss <font>Sophy's</font> Rank and
Reputation -- This I speak as a Friend -- not as a
Lover, Miss <font>Bell</font> -- pray mind that.
   </dialogue><nonSpeech>ARABELLA.</nonSpeech><dialogue>
I see it very plainly, Mr. <font>Tukely</font> -- and it gives
me great Pleasure, that you can be so indifferent in
your Love, and yet so jealous in your Friendship.
   </dialogue><nonSpeech>TUKELY.</nonSpeech><dialogue>
You do me Honour, Miss, by your good
Opinion.
</dialogue><nonSpeech> <font>Walks about, and sees</font> Sophy.</nonSpeech><dialogue>
Who's that, pray?
   </dialogue><nonSpeech> <font>Arabella.</font> </nonSpeech><dialogue> A Gentleman who is waiting for <font>Sophy</font> .
   </dialogue><nonSpeech> <font>Tukely.</font> </nonSpeech><dialogue> I think she has Gentlemen waiting for her every
where.
   </dialogue><nonSpeech>SOPHIA.</nonSpeech><dialogue>
I am afraid, Sir, </dialogue><nonSpeech> <font>coming up to him with her Glass</font> </nonSpeech><dialogue>
you'll excuse me, that notwithstanding your
Declaration, and this Lady's Compliments, there is a little
of the Devil, call'd Jealousy, at the Bottom of all
this Uneasiness.
   </dialogue><nonSpeech>TUKELY.</nonSpeech><dialogue>
Sir! --
<pagebreak id="8" />
   </dialogue><nonSpeech>SOPHIA.</nonSpeech><dialogue>
I say, Sir, wear your Cloak as long as you
please, the Hoof will peep out, take my Word
for it.
   </dialogue><nonSpeech>TUKELY.</nonSpeech><dialogue>
Upon my Word, Sir, you are pleas'd to honour
me with a Familiarity which I neither expected, or
indeed desired, upon so slight an Acquaintance.
   </dialogue><nonSpeech>SOPHIA.</nonSpeech><dialogue>
I dare swear you did not.
</dialogue><nonSpeech> <font>Turns off, and hums a Tune.</font> </nonSpeech>
   <nonSpeech>TUKELY.</nonSpeech><dialogue>
I don't understand this!
   </dialogue><nonSpeech>ARABELLA.</nonSpeech><dialogue>
This is beyond Expectation -- </dialogue><nonSpeech> <font>Aside.</font> </nonSpeech>
   <nonSpeech>SOPHIA.</nonSpeech><dialogue>
I presume, Sir, you never was out of <font>England</font> --
</dialogue><nonSpeech> <font>Picking her Teeth.</font> </nonSpeech>
   <nonSpeech>TUKELY.</nonSpeech><dialogue>
I presume, Sir, that you are mistaken --
I never was so foolishly fond of my own Country,
to think that nothing good was to be had out of it;
nor so shamefully ungrateful to it, to prefer the
Vices and Fopperies of every other Nation, to the
peculiar Advantages of my own.
   </dialogue><nonSpeech>SOPHIA.</nonSpeech><dialogue>
Ha, ha; well said, old <font>England</font> , i'faith -- Now,
Madam, if this Gentleman would put this Speech
into a Farce, and properly lard it with Roast Beef,
and Liberty, I wou'd engage the Galleries wou'd
roar and halloo at it for half an Hour together --
Ha, ha, ha.
   </dialogue><nonSpeech>ARABELLA.</nonSpeech><dialogue>
Now the Storm's coming. </dialogue><nonSpeech> <font>Aside.</font> </nonSpeech>
<pagebreak id="9" />
   <nonSpeech>TUKELY.</nonSpeech><dialogue>
If you are not engag'd, Sir, we'll adjourn to the 
next Tavern, and write this Farce between us.
   </dialogue><nonSpeech>SOPHIA.</nonSpeech><dialogue>
I fancy, Sir, by the Information of your Face,
that you are more inclin'd to Tragedy, than
Comedy --
   </dialogue><nonSpeech>TUKELY.</nonSpeech><dialogue>
I shall be inclin'd to treat you very ill, if you
don't walk out with me.
   </dialogue><nonSpeech>SOPHIA.</nonSpeech><dialogue>
I have been treated so very ill already, in the little
Conversation I have had with you, that you must
excuse my walking out for more of it; but if you'll
persuade the Lady to leave the Room, I'll put you
to Death -- Damme -- </dialogue><nonSpeech> <font>Going up to him.</font> </nonSpeech>
   <nonSpeech>ARABELLA.</nonSpeech><dialogue>
For Heaven's sake! what's the Matter,
Gentlemen?
   </dialogue><nonSpeech>TUKELY.</nonSpeech><dialogue>
What can I do with this Fellow?
   </dialogue><nonSpeech>SOPHIA.</nonSpeech><dialogue>
Madam, don't be alarm'd -- this Affair will
be very short -- I am always expeditious; and will
cut his Throat, without shocking you in the least:
-- Come, Sir, </dialogue><nonSpeech> <font>draws</font> </nonSpeech><dialogue> if you won't defend
yourself, I must kick you about the Room. </dialogue><nonSpeech> <font>Advancing.</font> </nonSpeech>
   <nonSpeech>TUKELY.</nonSpeech><dialogue>
Respect for this Lady, and this House, has curb'd
my Resentment hitherto: But as your Insolence
wou'd take Advantage of my Forbearance, I must
correct it at all Events -- </dialogue><nonSpeech> <font>Draws.</font> </nonSpeech>
   <nonSpeech>SOPHIA <font>and</font> ARABELLA.</nonSpeech><dialogue>
Ha, ha, ha!
   </dialogue><nonSpeech>TUKELY.</nonSpeech><dialogue>
What is all this?
<pagebreak id="10" />
   </dialogue><nonSpeech>SOPHIA.</nonSpeech><dialogue>
What, would you set your Courage to a poor,
weak Woman? You are a bold <font>Briton</font> , indeed! --
Ha, ha, ha.
   </dialogue><nonSpeech>TUKELY.</nonSpeech><dialogue>
What, <font>Sophia</font> ? --
   </dialogue><nonSpeech>ARABELLA.</nonSpeech><dialogue>
<font>Sophia!</font> No, no; she is in a Hackney-Chair, you
know, without a Servant, in her Pink Negligee` --
Ha, ha, ha. --
   </dialogue><nonSpeech>TUKELY.</nonSpeech><dialogue>
I am astonish'd! and can scarce believe my own
Eyes -- What means this Metamorphosis?
   </dialogue><nonSpeech>SOPHIA.</nonSpeech><dialogue>
'Tis in Obedience to your Commands -- Thus
equipp'd, I have got Access to <font>Daffodil</font> , and shall
know whether your Picture of him is drawn by
your Regard for me, or Resentment to him -- <font>I 
will sound him, from his lowest Note to the Top of his
Compass</font> .
   </dialogue><nonSpeech>TUKELY.</nonSpeech><dialogue>
Your Spirit transports me -- This will be a busy,
and, I hope, a happy Day for me. I have
appointed no less than five Ladies to meet me at the
Widow <font>Damply's</font> ; to each of whom, as well as
yourself, the accomplish'd Mr. <font>Daffodil</font> has
presented his Heart; the Value of which I am resolved
to convince 'em of this Night, for the sake of the
whole Sex.
   </dialogue><nonSpeech>SOPHIA.</nonSpeech><dialogue>
Pooh, pooh! that's the old Story -- You are so
prejudic'd. --
   </dialogue><nonSpeech>TUKELY.</nonSpeech><dialogue>
I am afraid 'tis you who are prejudic'd, Madam;
for if you will believe your own Eyes and Ears --
<pagebreak id="11" />
   </dialogue><nonSpeech>SOPHIA.</nonSpeech><dialogue>
That I will, I assure you -- I shall visit him
immediately -- He thinks me in the Country, and to
confirm it, I'll write to him as from thence -- But ask
me no more Questions about what I have done, and
what is to be done; for I have not a Moment to
lose; and so, my good Friend <font>Tukely</font> , yours --
My dear <font>Bell</font> , I kiss your Hand -- </dialogue><nonSpeech> <font>kisses her Hand</font> </nonSpeech><dialogue>
You are a fine Woman, by Heav'ns! Here,
<font>Joseppi, Brunello, Francesi</font> , -- where are my Fellows
there? Call me a Chair -- <font> <foreign>Viva l'Amo`r, &amp; Liberta`</foreign> </font> --
</dialogue><nonSpeech> <font>Exit singing.</font> </nonSpeech>
   <nonSpeech>ARABELLA.</nonSpeech><dialogue>
Ha, ha; there's a Spirit for you! -- Well now,
what do you stare at? -- You cou'd not well desire
more -- O, fie, fie, -- don't sigh, and bite your
Fingers; rouze yourself, Man; set all your Wits to
work; bring this faithless <font>Corydon</font> to Shame, and I'll
be hang'd if the Prize is not yours -- If she returns
in Time, I'll bring her to the Widow <font>Damply's</font> --
   </dialogue><nonSpeech>TUKELY.</nonSpeech><dialogue>
Dear Miss <font>Arabella</font> --
   </dialogue><nonSpeech>ARABELLA.</nonSpeech><dialogue>
Well, well; make me a fine Speech another
Time. About your Business now --
   </dialogue><nonSpeech>TUKELY.</nonSpeech><dialogue>
I fly -- </dialogue><nonSpeech> <font>Exit Tukely.</font> </nonSpeech>
   <nonSpeech>ARABELLA.</nonSpeech><dialogue>
What a Couple of blind Fools has Love made of
this poor Fellow, and my dear Cousin <font>Sophy</font> ? Little
do they imagine, with all their wise Discoveries, that
<font>Daffodil</font> is as faithful a Lover, as he is an
accomplish'd Gentleman -- I pity these poor deceiv'd
Women, with all my Heart -- But how will they stare,
when they find that he has artfully pretended a 
Regard for them, the better to conceal his real
<pagebreak id="12" />
Passion for me -- They will certainly tear my Eyes out;
and what will Cousin <font>Sophy</font> say to me, when we are
oblig'd to declare our Passion? No Matter what --
'Tis the Fortune of War -- And I shall only serve
her, as she and every other Friend wou'd serve me
in the same Situation --
<comment type="compiler">TWO-LINE VERSE OMITTED.</comment>
</dialogue><nonSpeech> <font>Exit Arab.</font> </nonSpeech>

<nonSpeech>Daffodil's <font>Lodgings</font> .</nonSpeech>

<nonSpeech> <font>Enter</font> DAFFODIL <font>and</font> RUFFLE.</nonSpeech>

   <nonSpeech>DAFFODIL.</nonSpeech><dialogue>
But are you sure, <font>Ruffle</font> , that you deliver'd the
Letter last Night, in the Manner I order'd you?
   </dialogue><nonSpeech>RUFFLE.</nonSpeech><dialogue>
Exactly, Sir.
   </dialogue><nonSpeech>DAFFODIL.</nonSpeech><dialogue>
And you are sure that Mr. <font>Dotterel</font> saw you slip
the Note into his Wife's Hand?
   </dialogue><nonSpeech>RUFFLE.</nonSpeech><dialogue>
I have alarm'd him, and you may be assur'd, that
he is as uneasy as you wou'd wish to have him -- But
I shou'd be glad, with your Honour's Leave, to have
a little serious Conversation with you; for my Mind
forebodes much Peril to the Bones of your humble
Servant, and very little Satisfaction to your Honour.
   </dialogue><nonSpeech>DAFFODIL.</nonSpeech><dialogue>
Thou art a most incomprehensible Blockhead --
   </dialogue><nonSpeech>RUFFLE.</nonSpeech><dialogue>
No great Scholar, or Wit, indeed -- but I can feel
an Oak Sappling, as well as another -- Ay, and I
shou'd have felt one last Night, if I had not had the
Heels of all Mr. <font>Dotterel's</font> Family -- I had the whole
Pack after me --
<pagebreak id="13" />
   </dialogue><nonSpeech>DAFFODIL.</nonSpeech><dialogue>
And did not they catch you?
   </dialogue><nonSpeech>RUFFLE.</nonSpeech><dialogue>
No, thank Heaven --
   </dialogue><nonSpeech>DAFFODIL.</nonSpeech><dialogue>
You was not kick'd then?
   </dialogue><nonSpeech>RUFFLE.</nonSpeech><dialogue>
No, Sir.
   </dialogue><nonSpeech>DAFFODIL.</nonSpeech><dialogue>
Nor can'd?
   </dialogue><nonSpeech>RUFFLE.</nonSpeech><dialogue> <comment type="compiler">SOURCE TEXT: RUFLLE.</comment> 
No, Sir.
   </dialogue><nonSpeech>DAFFODIL.</nonSpeech><dialogue>
Nor drag'd thro' a Horse-pond?
   </dialogue><nonSpeech>RUFFLE.</nonSpeech><dialogue>
O, Lord! No, Sir.
   </dialogue><nonSpeech>DAFFODIL.</nonSpeech><dialogue>
That's unlucky --
   </dialogue><nonSpeech>RUFFLE.</nonSpeech><dialogue>
Sir!
   </dialogue><nonSpeech>DAFFODIL.</nonSpeech><dialogue>
You must go again, <font>Ruffle</font> , to Night, perhaps you
may be in better Luck.
   </dialogue><nonSpeech>RUFFLE.</nonSpeech><dialogue>
If I go again, Sir, may I be can'd, kick'd, and
Horse-ponded for my Pains -- I believe I have been
lucky enough to bring an old House over your
Head.
   </dialogue><nonSpeech>DAFFODIL.</nonSpeech><dialogue>
What d'ye mean?
   </dialogue><nonSpeech>RUFFLE.</nonSpeech><dialogue>
Mr. <font>Dotterel</font> only hobbled after me, to pay me
for the Postage of your Letter; but being a little out 
of Wind, he soon stopt, to curse and swear at me --
<pagebreak id="14" />
I cou'd hear him mutter something of Scoundrel,
and Pimp, and my Master, and Villain -- and 
Blunderbuss, and Saw-pit; and then he shook his Stick,
and look'd like the Devil!
   </dialogue><nonSpeech>DAFFODIL.</nonSpeech><dialogue>
Blunderbuss, and Saw-pit! This Business grows a
little serious, and so we will drop it -- The Husband
is so old and peevish, and she so young and pressing,
that I'll give it up, <font>Ruffle</font> -- The Town talks of us,
and I am satisfied.
   </dialogue><nonSpeech>RUFFLE.</nonSpeech><dialogue>
Pray Sir, with Submission, for what End do you
write to so many Ladies, and make such a Rout
about 'em; there are now upon the List half a Dozen
Maids, a Leash of Wives, and the Widow <font>Damply</font> .
I know your Honour don't intend Mischief; but
what Pleasure can you have in deceiving them, and
the World? for you are thought a terrible young
Gentleman.
   </dialogue><nonSpeech>DAFFODIL.</nonSpeech><dialogue>
Why that Pleasure, Booby.
   </dialogue><nonSpeech>RUFFLE.</nonSpeech><dialogue>
I don't understand it -- What do you intend to do
with 'em all? Ruin 'em?
   </dialogue><nonSpeech>DAFFODIL.</nonSpeech><dialogue>
Not I, faith.
   </dialogue><nonSpeech>RUFFLE.</nonSpeech><dialogue>
But you'll ruin their Reputations.
   </dialogue><nonSpeech>DAFFODIL.</nonSpeech><dialogue>
That's their Business -- Not mine.
   </dialogue><nonSpeech>RUFFLE.</nonSpeech><dialogue>
Will you marry any one of 'em?
   </dialogue><nonSpeech>DAFFODIL.</nonSpeech><dialogue>
O, no; that wou'd be finishing the Game at
once -- If I preferr'd one, the Rest wou'd take it
<pagebreak id="15" />
ill; so because I won't be particular, I give 'em
all Hopes, without going a Step further.
   </dialogue><nonSpeech>RUFFLE.</nonSpeech><dialogue>
Widows can't live upon such slender Diet.
   </dialogue><nonSpeech>DAFFODIL.</nonSpeech><dialogue>
A true Sportsman has no Pleasure but in the
Chace; the Game is always given to those who have
less Taste, and better Stomachs.
   </dialogue><nonSpeech>RUFFLE.</nonSpeech><dialogue> 
I love to pick a Bit, I must confess -- Really, Sir,
I shou'd not care what became of half the Women
you are pleas'd to be merry with -- But Miss
<font>Sophy</font> , sure, is a heavenly Creature, and deserves better
Treatment; and to make Love to her Cousin too,
in the same House -- that is very cruel.
   </dialogue><nonSpeech>DAFFODIL.</nonSpeech><dialogue>
But it amuses one -- besides they are both fine
Creatures. And how do I know, if I lov'd only
one, but the other might poison herself?
   </dialogue><nonSpeech>RUFFLE.</nonSpeech><dialogue>
And when they know that you have lov'd 'em
both, they may poison one another -- This Affair
will make a great Noise.
   </dialogue><nonSpeech>DAFFODIL.</nonSpeech><dialogue>
Or I have taken a great Deal of Pains for
nothing; but no more prating, Sirrah; while I read
my Letters, go and ask <font>Harry</font> what Cards and
Messages he has taken in this Morning.
   </dialogue><nonSpeech>RUFFLE.</nonSpeech><dialogue>
There is no mending him.
</dialogue><nonSpeech> <font>Exit</font> RUFFLE.</nonSpeech>
   <nonSpeech>DAFFODIL.</nonSpeech>
<nonSpeech> <font>Opens Letters</font> </nonSpeech><dialogue> This is from the Widow <font>Damply</font>
-- I know her Scrawl at a Mile's Distance -- she
pretends that the Fright of her Husband's Death hurt
<pagebreak id="16" />
her Nerves so, that her Hand has shook ever since --
ha, ha, ha -- It has hurt her Spelling too, for here is
Joy with a G; ha! ha! poor Creature. </dialogue><nonSpeech> <font>Reads</font> </nonSpeech><dialogue>
Hum -- hum -- hum -- Well said, Widow; she speaks
plain, faith, and grows urgent -- I must get quit
of her -- she desires a te`te a` te`te; which, with
Widows who have suffered much for the Loss of their
Husbands, is, as Capt. <font>Bobadil</font> says, a Service of
Danger. So, I am off -- </dialogue><nonSpeech> <font>Opens another</font> </nonSpeech><dialogue> What
the Devil have we here? A Bill in Chancery: Oh,
no! my Taylor's Bill -- Sum Total 374 l. 11 s. 5 3/4 d.
-- Indeed, Monsieur <font>Chicaneau</font> , this is a damn'd
Bill, and you will be damn'd for making it -- 
therefore, for the Good of your Soul, Mons. <font>Chicaneau</font> ,
you must make another. </dialogue><nonSpeech> <font>tears it</font> </nonSpeech><dialogue> The <font>French</font> know
their Consequence, and use us accordingly. </dialogue><nonSpeech> <font>Opens 
another.</font> </nonSpeech><dialogue> This is from <font>Newmarket</font> . -- </dialogue><nonSpeech> <font>Reads</font> </nonSpeech><dialogue> --

<comment type="compiler">LETTER OMITTED: A MAN CALLED WHIP SENDS HIM NEWS ABOUT RACING.</comment>

-- <font>Whip's</font> a Genius, and a good Servant. I have
not as yet lost above a Thousand Pounds by my
Horses -- But such Luck can't always last.
<pagebreak id="17" />
</dialogue><nonSpeech> <font>Enter</font> RUFFLE <font>with Cards.</font> </nonSpeech>
   <nonSpeech>RUFFLE.</nonSpeech><dialogue>
There's the Morning's Cargo, Sir.
</dialogue><nonSpeech> <font>Throws 'em down upon the Table.</font> </nonSpeech>
   <nonSpeech>DAFFODIL.</nonSpeech><dialogue>
Heigh Day! I can't read 'em in a Month; prithee,
<font>Ruffle</font> , set down my Invitations from the Cards,
according to their Date, and let me see 'em Tomorrow
Morning -- So much Reading wou'd distract me.
   </dialogue><nonSpeech>RUFFLE.</nonSpeech><dialogue>
And yet these are the only Books that Gentlemen
read Now-a-Days. </dialogue><nonSpeech> <font>Aside.</font> </nonSpeech>

<nonSpeech> <font>Enter a</font> SERVANT.</nonSpeech>

   <nonSpeech>SERVANT.</nonSpeech><dialogue>
And please your Honour, I forgot to tell you that
there was a Gentleman here last Night -- I've forgot
his Name.
   </dialogue><nonSpeech>RUFFLE.</nonSpeech><dialogue>
Old Mr. <font>Dotterel</font> , perhaps.
   </dialogue><nonSpeech>SERVANT.</nonSpeech><dialogue>
Old; no, no, he looks younger than his Honour
-- I believe he's mad, he can't stand still a Moment;
he first caper'd out of the Chair, and when I told
him your Honour was not at Home, he caper'd into
it again -- said he would call again, jabber'd 
something, and away he went singing.
   </dialogue><nonSpeech>DAFFODIL.</nonSpeech><dialogue>
'Tis the Marquis of <font>Macaroni</font> , I saw him at the
<font>King's Arms</font> Yesterday: Admit him when he comes,
<font>Harry</font> .
   </dialogue><nonSpeech>SERVANT.</nonSpeech><dialogue>
I shall, your Honour -- I can neither write or
remember these outlandish Names.
</dialogue><nonSpeech> <font>Exit Servant.</font> </nonSpeech>
<pagebreak id="18" />
   <nonSpeech>DAFFODIL.</nonSpeech><dialogue>
Where is my List of Women, <font>Ruffle</font> , and the
Places of their Abode, that we may strike off some,
and add the new Acquisitions?
   </dialogue><nonSpeech>RUFFLE.</nonSpeech><dialogue>
What, alter again! I wrote it out fair but this
Morning -- There are quicker Successions in your 
Honour's List, than the Court-Calendar.
   </dialogue><nonSpeech>DAFFODIL.</nonSpeech><dialogue>
Strike off Mrs. <font>Dotterel</font> , and the Widow <font>Damply</font> .
   </dialogue><nonSpeech>RUFFLE.</nonSpeech><dialogue>
They are undone. </dialogue><nonSpeech> <font>Strikes 'em out.</font> </nonSpeech>

<nonSpeech> <font>Enter</font> SERVANT.</nonSpeech>

   <nonSpeech>SERVANT.</nonSpeech><dialogue>
A Lady, Mr. <font>Ruffle</font> , in a Chair, must speak with
you.
   </dialogue><nonSpeech>DAFFODIL.</nonSpeech><dialogue>
Did she ask for me? -- See <font>Ruffle</font> , who it is.
</dialogue><nonSpeech> <font>Exit</font> RUFFLE.</nonSpeech>
   <nonSpeech>SERVANT.</nonSpeech><dialogue>
No, your Honour; but she look'd quite <font>flustrated</font> .
   </dialogue><nonSpeech>DAFFODIL.</nonSpeech><dialogue>
Well, go below, and be careful not to let any old
Gentleman in this Morning -- and d'ye hear, if any of
the Neighbours shou'd inquire who the Lady is, you
may say it is a Relation; and be sure smile, do
you hear? when you tell 'em so.
   </dialogue><nonSpeech>SERVANT.</nonSpeech><dialogue>
I shall, your Honour -- He, he, he, I am never
melancholy. </dialogue><nonSpeech> <font>Exit Servant.</font> </nonSpeech>
   <nonSpeech>DAFFODIL.</nonSpeech><dialogue>
That Fellow's a Character.
<pagebreak id="19" />
</dialogue><nonSpeech> <font>Enter</font> RUFFLE.</nonSpeech>
   <nonSpeech>RUFFLE.</nonSpeech><dialogue>
Sir, it is Mrs. <font>Dotterel</font> ; she has had a terrible
Quarrel with her Husband about your Letter, and
has something to say of Consequence to you both -- 
she must see you, she says.
   </dialogue><nonSpeech>DAFFODIL.</nonSpeech><dialogue>
I won't see her -- Why wou'd you say that
I was at Home -- You know I hate to be alone
with 'em, and she's so violent too -- Well, well,
shew her up -- This is so unlucky --
   </dialogue><nonSpeech>RUFFLE.</nonSpeech><dialogue>
He hates to see Duns he never intends to pay.
</dialogue><nonSpeech> <font>Exit.</font> RUFF.</nonSpeech>
   <nonSpeech>DAFFODIL.</nonSpeech><dialogue>
What shall I do with her? This is worse than 
meeting her Husband with a Blunderbuss in a Saw-pit.
</dialogue><nonSpeech> <font>Enter</font> Mrs. DOTTEREL, <font>and</font> RUFFLE.</nonSpeech>
   <nonSpeech>DAFFODIL.</nonSpeech><dialogue>
Dear Mrs. <font>Dotterel</font> , this is so obliging -- <font>Ruffle</font> ,
don't let a Soul come near me. </dialogue><nonSpeech> <font>Aloud</font> </nonSpeech><dialogue> -- And harkee,
don't leave us long together, and let every Body up 
that comes. </dialogue><nonSpeech> <font>Aside.</font> </nonSpeech>
   <nonSpeech>RUFFLE.</nonSpeech><dialogue>
What a Deal of Trouble here is about nothing.
</dialogue><nonSpeech> <font>Exit</font> RUFF.</nonSpeech>
   <nonSpeech> <font>Mrs.</font> DOTTEREL.</nonSpeech><dialogue>
In the Name of Virtue, Mr. <font>Daffodil</font> , I hope you
have not given any private Orders, that may in the
least derogate from that absolute Confidence which
I place in your Honour.
   </dialogue><nonSpeech>DAFFODIL.</nonSpeech><dialogue>
You may be perfectly easy under this Roof,
Madam. I hope, I am polite enough not to let my
<pagebreak id="20" />
Passions, of any Kind, run too great Lengths in my own
House.
   </dialogue><nonSpeech>Mrs. DOTTEREL.</nonSpeech><dialogue>
Nothing but absolute Necessity cou'd have made
me take this imprudent Step -- I am ready to faint
with my Apprehensions -- Heigh ho! -- 
   </dialogue><nonSpeech>DAFFODIL.</nonSpeech><dialogue>
Heav'n forbid! -- I'll call for some Assistance.
</dialogue><nonSpeech> <font>Going to ring.</font> </nonSpeech>
   <nonSpeech>Mrs. DOTTEREL.</nonSpeech><dialogue>
Let your Bell alone </dialogue><nonSpeech> <font>Stopping him</font> </nonSpeech><dialogue> You'r always
calling for Assistance <comment type="compiler">SOURCE TEXT: Assisistance</comment> , I think --    
you never give one
Time to come to ones self -- Mr. <font>Dotterel</font> has seen
your Letter, and vows Vengeance and Destruction --
Why wou'd you be so violent and imprudent?
   </dialogue><nonSpeech>DAFFODIL.</nonSpeech><dialogue>
The Devil was in me, Madam; but I repent it
from my Soul; it has cur'd me of being violent.
   </dialogue><nonSpeech>Mrs. DOTTEREL.</nonSpeech><dialogue> 
Come, come, don't take it too deeply neither; I
thought it proper, at all Hazards, to let you know
what had happen'd, and to intreat you, by that
Affection you have sworn to me, to be careful of my
Reputation.
   </dialogue><nonSpeech>DAFFODIL.</nonSpeech><dialogue>
That I will indeed, Madam; we can't be too
careful.
   </dialogue><nonSpeech>Mrs. DOTTEREL.</nonSpeech><dialogue>
Well, Mr. <font>Daffodil</font> , I am an unhappy Woman --
married to one I cannot love; and loving one I ought
to shun -- It is a terrible Situation, Mr. <font>Daffodil</font> --
   </dialogue><nonSpeech>DAFFODIL.</nonSpeech><dialogue>
It is indeed, Madam, -- I am in a terrible one too
-- Wou'd I was well out of it. </dialogue><nonSpeech> <font>Aside.</font> </nonSpeech>
   <nonSpeech>Mrs. DOTTEREL.</nonSpeech><dialogue>
Do you know, Mr. <font>Daffodil</font> , that if I had not been
<pagebreak id="21" />
very religious, my Passions would have undone me --
But you must give me Time, for nothing but that,
and keeping the best Company, will ever conquer my
Prejudices --
   </dialogue><nonSpeech>DAFFODIL.</nonSpeech><dialogue>
I should be very ungenerous not to allow you
Time, Madam -- three Weeks or a Month, I hope,
will do the Business -- Tho', by my Honour, I got the
better of Mine in half the Time -- What is <font>Ruffle</font>
doing? </dialogue><nonSpeech> <font>Aside.</font> </nonSpeech>
   <nonSpeech>Mrs. DOTTEREL.</nonSpeech><dialogue>
He's very cold, methinks; but I'll try him
further -- Lookee, Mr. <font>Daffodil</font> , you must curb your
Passions, and keep your Distance -- Fire is catching, and
one does not know the Consequences when once it
begins to spread.
   </dialogue><nonSpeech>DAFFODIL.</nonSpeech><dialogue>
As you say, Madam, Fire is a catching; 'tis
dangerous to play with it; and as I am of the
Tinder-Kind, -- as one may say,  -- we had better, -- as you
say -- Madam, -- change the Subject -- Pray did you
ever hear of the Pug-dog that you advertis'd? It
was a very pretty Creature -- what was his Name,
Madam?
   </dialogue><nonSpeech>Mrs. DOTTEREL.</nonSpeech><dialogue>
<font>Daffodil</font> , Sir! </dialogue><nonSpeech> <font>Stifling her Passion.</font> </nonSpeech>
   <nonSpeech>DAFFODIL.</nonSpeech><dialogue>
Madam!
   </dialogue><nonSpeech> <font>Mrs.</font> DOTTEREL.</nonSpeech><dialogue>
Could I love and esteem any Thing, and not call
it <font>Daffodil</font> ? -- What a Wretch! </dialogue><nonSpeech> <font>Aside.</font> </nonSpeech>
   <nonSpeech>DAFFODIL.</nonSpeech><dialogue>
You do me Honour, Madam -- I don't like her
Looks, I must change the Discourse </dialogue><nonSpeech> <font>Aside.</font> </nonSpeech><dialogue> Upon
my Soul, Mrs. <font>Dotterel</font> , this Struggle is too much
for Man: My Passions are now tearing me to
Pieces, and if you will stay, by Heav'n I will not
answer for the Consequences.
<pagebreak id="22" />
   </dialogue><nonSpeech>Mrs. DOTTEREL.</nonSpeech><dialogue>
Consequences! What Consequences! Thou
wretched, base, false, worthless Animal!
   </dialogue><nonSpeech>DAFFODIL.</nonSpeech><dialogue>
You do me Honour. </dialogue><nonSpeech> <font>Bowing.</font> </nonSpeech>
   <nonSpeech>Mrs. DOTTEREL.</nonSpeech><dialogue>
Canst thou think that I am so blinded by my
Passion, not to see thy treacherous, mean, unmanly
Evasions? -- I have long suspected your Infamy, and
having this Proof of it, I cou'd stab your treacherous
Heart, and my own weak one -- Don't offer to stir,
or ring your Bell, for, by Heav'ns, I'll --
</dialogue><nonSpeech> <font>Catches hold of him.</font> </nonSpeech>
   <nonSpeech>DAFFODIL.</nonSpeech><dialogue>
I stir! I am never so happy, as when I am in your
Company.
   </dialogue><nonSpeech> <font>Mrs.</font> DOTTEREL.</nonSpeech><dialogue>
Thou liest: Thou art never so happy as when thou
art deceiving, and betraying our foolish Sex -- and
all for what? Why, for the poor Reputation of
having that, which thou hast neither Power nor Spirit
to enjoy.
   </dialogue><nonSpeech>DAFFODIL.</nonSpeech><dialogue>
Ha! I hear Somebody coming -- Now for a Rapture <comment type="compiler">SOURCE TEXT:       
Rapure</comment> 
</dialogue><nonSpeech> <font>Aside.</font> </nonSpeech><dialogue> Talk not of Power or Spirit -- Heav'n,
that has made you fair, has made me strong -- O! 
forgive the Madness which your Beauty has occasion'd.
</dialogue><nonSpeech> <font>Throws himself upon his Knees.</font> </nonSpeech>

<nonSpeech> <font>Enter</font> SERVANT.</nonSpeech>
   <nonSpeech>SERVANT.</nonSpeech><dialogue>
The Marquis of <font>Macaroons</font> -- </dialogue><nonSpeech> <font>Exit Serv.</font> </nonSpeech>

<nonSpeech> <font>Enter</font> SOPHIA.</nonSpeech>
   <nonSpeech>Mrs. DOTTEREL.</nonSpeech><dialogue>
Ha! </dialogue><nonSpeech> <font>Screams.</font> </nonSpeech><dialogue> I am betray'd! --
</dialogue><nonSpeech> <font>They all stare, and</font> DAFFODIL <font>seemingly astonished.</font> </nonSpeech>
<pagebreak id="23" />
   <nonSpeech>SOPHIA.</nonSpeech><dialogue>
Mrs. <font>Dotterel</font> , by all that's virtuous -- </dialogue><nonSpeech> <font>Aside</font> </nonSpeech><dialogue>
Signor <font>Daffodillo -- <foreign>resto Confuso</foreign> </font> , tat I am com <font> <foreign>si
mal-a proposito</foreign> </font> .
   </dialogue><nonSpeech>DAFFODIL.</nonSpeech><dialogue>
Dear Marquis, no Excuse I beg -- nothing at all --
a Relation of mine -- my Sister only -- Miss <font>Daffodil</font> ,
this is, <font>il Merchese de Macaroni</font> , an Intimate of Sir
<font>Charles Vainlove's</font> -- This was lucky </dialogue><nonSpeech> <font>Aside</font> </nonSpeech><dialogue> -- Well,
then, my dear Sister, I will wait upon you To-morrow,
and settle the whole Affair. </dialogue><nonSpeech> <font>Aloud</font> </nonSpeech><dialogue> I am the most
miserable of Mortals, and have lost the most precious
Moments of my Life. </dialogue><nonSpeech> <font>Aside to Mrs. DOTT.</font> </nonSpeech>
   <nonSpeech>Mrs. DOTTEREL.</nonSpeech><dialogue>
You are a Villain -- I despise you, and detest
you -- and will never see you more.
</dialogue><nonSpeech> <font>Exit Mrs.</font> DOTT.</nonSpeech>
   <nonSpeech>DAFFODIL.</nonSpeech><dialogue>
Ha, ha, ha! -- My Sister has a noble Spirit, my
Lord.
   </dialogue><nonSpeech>SOPHIA.</nonSpeech><dialogue>
<font> <foreign>Mi dispiace infinamente</foreign> </font> -- it tisplis me, tat I
haf <font> <foreign>interrumpato, gli Affari</foreign> </font> of you Famili.
   </dialogue><nonSpeech>DAFFODIL.</nonSpeech><dialogue>
It is the old Family-business, my Lord; and so
old, that, by my Honour, I am quite tir'd of it.
   </dialogue><nonSpeech>SOPHIA.</nonSpeech><dialogue>
I hate him already. </dialogue><nonSpeech> <font>Aside.</font> </nonSpeech><dialogue> -- Signor <font>Daffodillo</font> ,
she is <font> <foreign>una belissima Sorella in Verita`</foreign> </font> , a very prit' Siss'
intit.
   </dialogue><nonSpeech>DAFFODIL.</nonSpeech><dialogue>
I must confess to you, my Lord, that my Sister
is a young distress'd Damsel, married to an old
Gentleman of the Neighbourhood, Ha, ha, ha.
   </dialogue><nonSpeech>SOPHIA.</nonSpeech><dialogue>
<font> <foreign>O Cara Inghilterra</foreign> </font> ! vat a <foreign>fortunata Contree`</foreign> is tis!
<pagebreak id="24" />
te olt Men marri de yong fine Girl, and te yong fine
Girl visite te yong Signors -- <font> <foreign>O, preciosa Liberta`!</foreign> </font> --
   </dialogue><nonSpeech>DAFFODIL.</nonSpeech><dialogue>
Indeed, my Lord, Men of Fashion here have
some small Privileges; we gather our Roses
without fear of Thorns -- Husbands and Brothers don't
deal in Poison and Stilletos, as they do with you.
   </dialogue><nonSpeech>SOPHIA.</nonSpeech><dialogue>
<font> <foreign>Il nostro amico</foreign> </font> , Signor <font>Carlo</font> , has tol me a tousant
<font> <foreign>Volti</foreign> </font> , dat you vas de <font> <foreign>Orlando Innamorato</foreign> </font> himself.
   </dialogue><nonSpeech>DAFFODIL.</nonSpeech><dialogue>
But not <font> <foreign>Furioso</foreign> </font> , I can assure you, my Lord, Ha,
ha, ha! I am for Variety, and Badinage, without
Affection -- Reputation is the great Ornament, and
Ease the great Happiness of Life -- To ruin
Women wou'd be troublesome; to trifle and make Love
to 'em amuses one -- I use my Women as daintily as
my Tokay; I merely sip of both, but more than
half a Glass palls me.
   </dialogue><nonSpeech>SOPHIA.</nonSpeech><dialogue>
<font> <foreign>Il mio proprio Gusto</foreign> -- Tukely</font> is right; he's a
Villain. </dialogue><nonSpeech> <font>Aside</font> </nonSpeech><dialogue> -- Signor <font>Daffodillo</font> ; Vil you do me de
Favor to give me Stranger, <font> <foreign>una Introduzione</foreign> </font> to some
of your <font> <foreign>Signorine</foreign> </font> , let <font> <foreign>vostro amico</foreign> </font> taste a     
littel, <font> <foreign>un
Poco</foreign> </font> of your <font> <foreign>dulce</foreign> </font> Tokay.
   </dialogue><nonSpeech>DAFFODIL.</nonSpeech><dialogue>
<font> <foreign>O, Certamente!</foreign> </font> -- I have half a hundred
<foreign>Signorines</foreign> at your Service.
   </dialogue><nonSpeech>SOPHIA.</nonSpeech><dialogue>
<font> <foreign>Multo obligato</foreign> </font> , Signor <font>Daffodillo</font> .
<pagebreak id="25" />
</dialogue><nonSpeech> <font>Enter</font> SERVANT.</nonSpeech>

   <nonSpeech>SERVANT.</nonSpeech><dialogue>
Here is a Letter for your Honour. </dialogue><nonSpeech> <font>Surlily.</font> </nonSpeech>
   <nonSpeech>DAFFODIL.</nonSpeech><dialogue>
What is the Matter with the Fellow?
   </dialogue><nonSpeech>SERVANT.</nonSpeech><dialogue>
Matter, your Honour! -- the Lady that went out
just now, gave me such a Souse on the Ear, as I
made my Bow to her, that I cou'd scarce tell, for a
Minute, whether I had a Head or no.
   </dialogue><nonSpeech>DAFFODIL.</nonSpeech><dialogue>
Ha! ha! -- Poor Fellow! -- there's Smart Money
for you. </dialogue><nonSpeech> <font>Gives him Money.</font> </nonSpeech><dialogue> -- </dialogue><nonSpeech> <font>Exit Servant.</font> </nonSpeech><dialogue> -- Will
your Lordship give me Leave? --
   </dialogue><nonSpeech>SOPHIA.</nonSpeech><dialogue>
<font> <foreign>Senza Ceremonie</foreign> </font> -- now for it. </dialogue><nonSpeech> <font>Aside.</font> </nonSpeech>
   <nonSpeech>DAFFODIL.</nonSpeech> <nonSpeech> <font>Reads.</font> </nonSpeech><dialogue>
<comment type="compiler">LETTER OMITTED: SOPHIA WRITES SHE HOPES TO MEET HIM AT LADY FANNY 
PEWIT'S ASSEMBLY THE NEXT WEDNESDAY.</comment>

-- My Lord Marquis, here is a Letter has started
Game for you already -- the most lucky Thought
imaginable.
   </dialogue><nonSpeech>SOPHIA.</nonSpeech><dialogue>
<font> <foreign>Cosa e` questa -- Cosa, e`</foreign> -- vat is?</font>
   </dialogue><nonSpeech>DAFFODIL.</nonSpeech><dialogue>
There are two fine Girls you must know,
Cousins, who live together; this is a Letter from one
of 'em, <font>Sophia</font> is her Name -- I have address'd 'em
both, but as Matters become a little serious on their
<pagebreak id="26" /> 
Side, I must raise a Jealousy between the Friends;
discover to one the Treachery of the other; and so in
the Bustle steal off as quietly as I can.
   </dialogue><nonSpeech>SOPHIA.</nonSpeech><dialogue>
<font> <foreign>O! Spiritoso Amico</foreign> </font> -- I can scarce contain myself.
</dialogue><nonSpeech> <font>Aside.</font> </nonSpeech>
   <nonSpeech>DAFFODIL.</nonSpeech><dialogue>
Before the Mine is sprung, I will introduce you
into the Town.
   </dialogue><nonSpeech>SOPHIA.</nonSpeech><dialogue>
You are great <font> <foreign>Generalissimo in verita` ma`</foreign> </font> , I feel
<font> <foreign>in mio` Core</foreign> </font> vat de poor <font> <foreign>infelice</foreign> </font> Sophia vil     
feel for de
Loss of Signor <font>Daffadillo</font> .
   </dialogue><nonSpeech>DAFFODIL.</nonSpeech><dialogue>
Yes, poor Creature; I believe she'll have a Pang
or two -- tender indeed! and I believe will be
unhappy for some Time.
   </dialogue><nonSpeech>SOPHIA.</nonSpeech><dialogue>
What a Monster! </dialogue><nonSpeech> <font>Aside.</font> </nonSpeech>
   <nonSpeech>DAFFODIL.</nonSpeech><dialogue>
You must dine with our Club to-day, where I will
introduce you to more of Sir <font>Charles's</font> Friends, all
Men of Figure and Fashion.
   </dialogue><nonSpeech>SOPHIA.</nonSpeech><dialogue>
I must <foreign>primo</foreign> haf my Lettere, dat your <font> <foreign>Amici</foreign> </font> may
be <font> <foreign>assicurati</foreign> </font> dat I am no <font> <foreign>Impostore</foreign> </font> .
   </dialogue><nonSpeech>DAFFODIL.</nonSpeech><dialogue>
In the Name of Politeness, my Lord Marquis,
don't mention your Letters again; none but a Justice
of Peace, or a Constable, would ever ask for a
Certificate of a Man's Birth, Parentage, and Education,
Ha, ha, ha!
   </dialogue><nonSpeech>SOPHIA.</nonSpeech><dialogue>
<foreign>Viva, viva</foreign> il Signor <font>Daffodillo</font> ! You shall be <foreign>il mio</foreign> 
<font> <foreign>Conduttore` in tutte le Partite</foreign> </font> of Love and Pleasure.
<pagebreak id="27" />
   </dialogue><nonSpeech>DAFFODIL.</nonSpeech><dialogue>
With all my Heart -- You must give me Leave
now, my Lord, to put on my Cloaths -- In the
mean Time, if your Lordship will step into my Study
there, if you chuse Music, there is a Guittar, and
some <font>Venetian</font> Ballads; or, if you like reading, there's
Infidelity, and baudy Novels for you -- Call <font>Ruffle</font>
there. </dialogue><nonSpeech> <font>Exit</font> DAFF.</nonSpeech>
   <nonSpeech>SOPHIA.</nonSpeech>
<nonSpeech> <font>Looking after him</font> </nonSpeech><dialogue> I am shock'd at him -- He is
really more abandon'd than <font>Tukely's</font> Jealousy describ'd
him -- I have got my Proofs, and will not venture
any further; I am vex'd that I shou'd be angry at
him, when I shou'd only despise him -- But I am <font>so</font>
angry, that I cou'd almost wish myself a Man, that
my Breeches might demand Satisfaction for the
Injury he has done my Petticoats. --
</dialogue><nonSpeech> <font>Exit.</font> </nonSpeech>

<nonSpeech> <font>End of the FIRST ACT.</font> </nonSpeech>
<pagebreak id="28" />
 <head>ACT II.</head> 

<nonSpeech>SCENE, <font>Mrs.</font> DAMPLY'S <font>Lodgings</font> .</nonSpeech>

<nonSpeech> <font>Enter</font> ARABELLA <font>and</font> SOPHIA.</nonSpeech>

   <nonSpeech>SOPHIA.</nonSpeech><dialogue>
In short, his own Declarations, the unexpected
Meeting of Mrs. <font>Dotterel</font> , his Usage of my
Letter, and twenty Things beside, determin'd me not to
go among the Set of 'em -- So making the best
Excuse I cou'd, I got quit of him and his Companions.
   </dialogue><nonSpeech>ARABELLA.</nonSpeech><dialogue>
All this may be true, <font>Sophy</font> -- Every young
Fellow has his Vanities; Fashion has made such
Irregularities Accomplishments, and the Man may be worth
having, for all your Discoveries.
   </dialogue><nonSpeech>SOPHIA.</nonSpeech><dialogue>
What! an abandon'd, rash, profligate 
Male-Coquette; a Wretch, who can assume Passions he never
feels, and sport with our Sex's Frailties -- Fie, fie,
<font>Bell</font> .
   </dialogue><nonSpeech>ARABELLA.</nonSpeech><dialogue>
Well, well, you are too angry to be merciful --
If he is such a Monster, I am glad you are out of
his Clutches, and that you can so easily resign him
to another.
   </dialogue><nonSpeech>SOPHIA.</nonSpeech><dialogue>
To another! there is not that Woman, be she ever
so handsome, that I hate enough, to wish her so much
<pagebreak id="29" /> 
Evil; and happy it is for you, <font>Bell</font> , that you have a
Heart to resist his Allurements.
   </dialogue><nonSpeech>ARABELLA.</nonSpeech><dialogue>
Yes, I thank my Stars -- I am not so susceptible
of Impressions of that Kind -- and yet -- I won't
swear -- if an agreeable Man -- I -- I -- 
   </dialogue><nonSpeech>SOPHIA.</nonSpeech><dialogue>
No, no, <font>Bell</font> , you are not absolute Stone -- you
you may be mollified -- She is confounded -- </dialogue><nonSpeech> <font>Aside.</font> </nonSpeech>
   <nonSpeech>ARABELLA.</nonSpeech><dialogue>
Surely he has not betray'd me -- 'Tis impossible,
I cannot be deceiv'd. </dialogue><nonSpeech> <font>Aside.</font> </nonSpeech>
   <nonSpeech>SOPHIA.</nonSpeech><dialogue>
Well, shall we go in to the Ladies and Mr.
<font>Tukely</font> ? Were they not surpriz'd when he open'd the
Business to 'em?
   </dialogue><nonSpeech>ARABELLA.</nonSpeech><dialogue>
'Twas the finest Scene imaginable -- You cou'd see,
tho' they all endeavour'd to hide their Liking to
<font>Daffodil</font> , all were uneasy at <font>Tukely's</font> Discovery. At
first, they objected to his Scheme; but they began to
listen to his Proposal the Moment I was call'd out
to you; what farther he intends, is a Secret to us all;
but here he comes, and without the Ladies.

</dialogue><nonSpeech> <font>Enter</font> TUKELY:</nonSpeech>

   <nonSpeech>TUKELY.</nonSpeech><dialogue>
Pray, Miss <font>Bell</font> -- Bless me! Miss <font>Sophy</font> return'd!
I dare not ask -- and yet if my Eyes do not flatter my
Heart -- your Looks --
   </dialogue><nonSpeech>SOPHIA.</nonSpeech><dialogue>
Don't rely too much upon Looks, Mr. <font>Tukely</font> .
   </dialogue><nonSpeech>TUKELY.</nonSpeech><dialogue>
Madam -- why sure --
<pagebreak id="30" />
   </dialogue><nonSpeech>SOPHIA.</nonSpeech><dialogue>
Don't imagine, I say, that you can always see the
Mind in the Face.
   </dialogue><nonSpeech>TUKELY.</nonSpeech><dialogue>
I can see, Madam, that your Mind is not dispos'd
to wish, or make me happy.
   </dialogue><nonSpeech>SOPHIA.</nonSpeech><dialogue>
Did not I bid you not to rely upon Looks; for do
you know now that my Mind is at this Time most
absolutely dispos'd -- to do every thing that you wou'd
have me. </dialogue><nonSpeech> <font>Curtsys.</font> </nonSpeech>
   <nonSpeech>TUKELY.</nonSpeech><dialogue>
Then I have nothing more to wish or ask of
Fortune. </dialogue><nonSpeech> <font>Kneels, and kisses her Hand.</font> </nonSpeech>
   <nonSpeech>ARABELLA.</nonSpeech><dialogue>
Come, come, this is no Time to attend to one, 
when you have so many Ladies to take Care of.
   </dialogue><nonSpeech>TUKELY.</nonSpeech><dialogue>
I will not yet enquire into your Adventures, 'till I
have accomplish'd my own. The Ladies within have
at last agreed, to attend me this Evening; where, if
you have a Mind to finish the Picture you have
begun this Morning, an Opportunity may offer.
   </dialogue><nonSpeech>SOPHIA.</nonSpeech><dialogue>
I am contented with my Sketch -- However, I'll
make one; and if you have an Occasion for a Second
in any thing -- I am your Man -- command me.
   </dialogue><nonSpeech>TUKELY.</nonSpeech><dialogue>
A Match -- from this Moment I take you as my 
Second; nay, my First in every Circumstance of our
future Lives.
   </dialogue><nonSpeech>ARABELLA.</nonSpeech><dialogue>
Mighty pretty, truly! -- and so I am to stand
cooling my Heels here, while you are making yourselves
ridiculous.
<pagebreak id="31" />
   </dialogue><nonSpeech>SOPHIA.</nonSpeech><dialogue>
<font>Bell's</font> in the Right -- to Business, to Business --
Mr. <font>Tukeley</font> , you must introduce me to the Ladies;
I can at least make as good a Figure as Mr. <font>Daffodil</font>
among 'em.
</dialogue><nonSpeech> <font>Exit</font> Sophia <font>and</font> Tukely.</nonSpeech>
   <nonSpeech>ARABELLA.</nonSpeech><dialogue>
When <font>Daffodil's</font> real Inclinations are known, how
those poor Wretches will be disappointed.
</dialogue><nonSpeech> <font>Exit</font> Arab.</nonSpeech>

<nonSpeech>SCENE, <font>The Club-Room.</font> </nonSpeech>

<nonSpeech> <font>Lord</font> RACKET, Sir TAN-TIVY, <font>Sir</font> WILLIAM
WHISTER, SPINNER <font>writing, and</font> DAFFODIL.</nonSpeech>
<nonSpeech> <font>Waiter behind.</font> </nonSpeech>

   <nonSpeech>DAFFODIL.</nonSpeech><dialogue>
What do you say, my Lord, that I don't do it in 
an Hour?
   </dialogue><nonSpeech>Lord RACKET.</nonSpeech><dialogue>
 Not in an Hour and Half, <font>George</font> .
   </dialogue><nonSpeech>DAFFODIL.</nonSpeech><dialogue>
Done with you, my Lord -- I'll take your Seven
to Five -- Seventy Pound <comment type="compiler">SOURCE TEXT: Poud</comment> to Fifty.
   </dialogue><nonSpeech>Lord RACKET.</nonSpeech><dialogue>
Done -- I'll lay the Odds again, with you, Sir
<font>William</font> -- and with you, Sir <font>Tivy</font> .
   </dialogue><nonSpeech>Sir WILLIAM.</nonSpeech><dialogue>
Not I, faith; -- <font>Daffodil</font> has too many fine
Women -- he'll never do it.
<pagebreak id="32" />
   </dialogue><nonSpeech>DAFFODIL.</nonSpeech><dialogue>
I'll go into the Country for a Week, and not a 
Petticoat shal come near me -- I'll take the Odds 
again.
   </dialogue><nonSpeech>Sir TAN-TIVY.</nonSpeech><dialogue>
Done, <font>Daffodil</font> .
   </dialogue><nonSpeech>Lord RACKET.</nonSpeech><dialogue>
You are to hop upon one Leg, without changing,
mind that -- Set it down, <font>Spinner</font> .
   </dialogue><nonSpeech>SPINNER.</nonSpeech><dialogue>
I have -- Shall I read it?
   Lord <font>Racket.</font> Silence in the Court.
   </dialogue><nonSpeech>SPINNER.</nonSpeech>
<nonSpeech> <font>Reads.</font> </nonSpeech><dialogue> <comment type="compiler">NOTE OMITTED: CONTAINS DETAILS OF FRIVOLOUS BET.</comment>
   </dialogue><nonSpeech>DAFFODIL.</nonSpeech><dialogue> 
I say, done --
   </dialogue><nonSpeech>Lord RACKET.</nonSpeech><dialogue>
And done.
   </dialogue><nonSpeech>Sir WILLIAM.</nonSpeech><dialogue>
Consider your Women -- you'll never do it,
<font>George</font> .
   </dialogue><nonSpeech>DAFFODIL.</nonSpeech><dialogue>
Not do it! </dialogue><nonSpeech> <font>hops</font> </nonSpeech><dialogue> Why, I'll get a <font>Chelsea</font>
Pensioner shall do it in an Hour, with his wooden Leg
-- What Day shall we fix for it?
<pagebreak id="33" />
   </dialogue><nonSpeech>Sir WILLIAM.</nonSpeech><dialogue>
The first of <font>April</font> , to be sure.
   </dialogue><nonSpeech>ALL.</nonSpeech><dialogue>
Ha, ha, ha. --
   </dialogue><nonSpeech>Lord RACKET.</nonSpeech><dialogue>
Come, <font>Daffodil</font> , read the Betts and Matches of
To-day -- then let us finish our <font>Champaigne</font> , and go
to the Opera.
   </dialogue><nonSpeech>DAFFODIL.</nonSpeech> 
<nonSpeech> <font>Reads.</font> </nonSpeech><dialogue> <comment type="compiler">NOTE OMITTED: CONTAINS DETAILS OF ANOTHER BET.</comment>
   </dialogue><nonSpeech>Sir TAN-TIVY.</nonSpeech><dialogue>
Done.
   </dialogue><nonSpeech>Lord RACKET.</nonSpeech><dialogue>
The Odds are against you, <font>Daffodil</font> -- my Lord
has got to plain <font>Nantz</font> now every Morning.
   </dialogue><nonSpeech>DAFFODIL.</nonSpeech><dialogue>
And the Ladies have been at it to my Knowledge,
this half Year.
   </dialogue><nonSpeech>DAFFODIL.</nonSpeech><dialogue> <comment type="compiler">SHOULD READ &quot;Sir WILLIAM.&quot;?</comment> 
Good, again, <font>George</font> .
   </dialogue><nonSpeech>Sir WILLIAM.</nonSpeech><dialogue> <comment type="compiler">SHOULD READ &quot;DAFFODIL.&quot;?</comment>
<comment type="compiler">NOTE OMITTED: HE READS DETAILS OF ANOTHER BET.</comment>
   </dialogue><nonSpeech>Sir WILLIAM.</nonSpeech><dialogue>
He must have no Books, <font>George</font> .  
<pagebreak id="34" />
   </dialogue><nonSpeech>DAFFODIL.</nonSpeech><dialogue>
No, no; the Gentleman I mean can't read.
   </dialogue><nonSpeech>Sir WILLIAM.</nonSpeech><dialogue>
'Tis not yourself, <font>George</font> !
   </dialogue><nonSpeech>OMNES.</nonSpeech><dialogue>
Ha, ha, ha; 'tis impossible, it must kill him.
   </dialogue><nonSpeech>DAFFODIL.</nonSpeech><dialogue>
Why, then I lose my Bet.
</dialogue><nonSpeech> <font>Reads.</font> </nonSpeech><dialogue> <comment type="compiler">NOTE OMITTED: CONTAINS DETAILS OF ANOTHER BET.</comment>
   </dialogue><nonSpeech>SPINNER.</nonSpeech><dialogue>
I'll lay Fifty more, neither of 'em run the Ground
in Half an Hour.
   </dialogue><nonSpeech>DAFFODIL.</nonSpeech><dialogue>
Not in an Hour.
   </dialogue><nonSpeech>Sir TAN-TIVY.</nonSpeech><dialogue>
Done, <font>Daffodil</font> -- I'll bet you a Hundred of that.
   </dialogue><nonSpeech>DAFFODIL.</nonSpeech><dialogue>
Done, Baronet; I'll double it, if you will.
   </dialogue><nonSpeech>Sir TAN-TIVY.</nonSpeech><dialogue>
With all my Heart -- Book it, <font>Spinner</font> .
</dialogue><nonSpeech>Spinner <font>writes.</font> </nonSpeech>
   <nonSpeech>Lord RACKET.</nonSpeech><dialogue>
You'll certainly lose, <font>George</font> .
   </dialogue><nonSpeech>DAFFODIL.</nonSpeech><dialogue>
Impossible, my Lord; Sir <font>Joslin</font> is damnably out
of Wind.
   </dialogue><nonSpeech>Lord RACKET.</nonSpeech><dialogue>
What, Asthmatic?
   </dialogue><nonSpeech>DAFFODIL.</nonSpeech><dialogue>
No, quite cur'd of his Asthma -- he dy'd
Yesterday Morning -- Bite.
<pagebreak id="35" />
   </dialogue><nonSpeech>ALL.</nonSpeech><dialogue>
Bravo, <font>George</font> .
   </dialogue><nonSpeech>Lord RACKET.</nonSpeech><dialogue>
Now you talk of dying -- how does your Cousin
<font>Dizzy</font> ?
   </dialogue><nonSpeech>DAFFODIL.</nonSpeech><dialogue>
Lingers on -- better and worse -- Lives upon 
Asses Milk, Panada, and Eringo Root.
   </dialogue><nonSpeech>Lord RACKET.</nonSpeech><dialogue>
You'll have a fine Wind-fall there, <font>George</font> -- a good
Two Thousand a Year.
   </dialogue><nonSpeech>DAFFODIL.</nonSpeech><dialogue>
'Tis better, my Lord; but I love <font>Dick</font> so well,
and have had so many Obligations to him -- he sav'd
my Life once -- that I cou'd wish him better 
Health.
   </dialogue><nonSpeech>Sir WILLIAM.</nonSpeech><dialogue>
Or in a better Place -- there's devilish fine Timber
in <font>Staunton</font> Woods.
   </dialogue><nonSpeech>Sir TAN-TIVY.</nonSpeech><dialogue>
Down with 'em, <font>Daffodil</font> .
   </dialogue><nonSpeech>Lord RACKET.</nonSpeech><dialogue>
But let <font>Dizzy</font> drop first -- a little Blast will fell
him.

</dialogue><nonSpeech> <font>Enter</font> DIZZY.</nonSpeech>

   <nonSpeech>DIZZY.</nonSpeech><dialogue>
Not so little as you may imagine, my Lord -- hugh,
hugh -- </dialogue><nonSpeech> <font>Coughs.</font> </nonSpeech>
   <nonSpeech>ALL.</nonSpeech><dialogue>
Ha, ha, ha.
   </dialogue><nonSpeech>DAFFODIL.</nonSpeech><dialogue>
Angels and Ministers! what Cousin! We were got
among your Trees.
<pagebreak id="36" />
   </dialogue><nonSpeech>DIZZY.</nonSpeech><dialogue>
You are heartily welcome to any one of 'em,
Gentlemen, for a proper Purpose -- hugh, hugh.
   </dialogue><nonSpeech>Lord RACKET.</nonSpeech><dialogue>
Well said, <font>Dick</font> . How quick his Wit, and how
youthful the Rogue looks!
   </dialogue><nonSpeech>DAFFODIL.</nonSpeech><dialogue>
Bloomy and plump -- the Country Air is a fine
Thing, my Lord --
   </dialogue><nonSpeech>DIZZY.</nonSpeech><dialogue>
Well, well, be as jocular as you please; I am not
so ill, as you may wish, or imagine; -- I can walk
to <font>Knightsbridge</font> in an Hour, for a Hundred 
Pound.
   </dialogue><nonSpeech>Lord RACKET.</nonSpeech><dialogue>
I bet you a Hundred of that, <font>Dizzy</font> .
   </dialogue><nonSpeech>DAFFODIL.</nonSpeech><dialogue>
I'll lay you a Hundred, <font>Dick</font> , that I drive a 
Sow and Pigs to your Lodgings, before you can get
there.
   </dialogue><nonSpeech>DIZZY.</nonSpeech><dialogue>
Done, I say; </dialogue><nonSpeech> <font>Draws his Purse.</font> </nonSpeech><dialogue> Done -- Two
Hundred -- done -- Three.
   </dialogue><nonSpeech>Lord RACKET.</nonSpeech><dialogue> 
I'll take <font>Dizzy</font> , against your Sow and Pigs.
   </dialogue><nonSpeech>Sir WILLIAM.</nonSpeech><dialogue>
I take the Field against <font>Dizzy</font> .
   </dialogue><nonSpeech>Lord RACKET.</nonSpeech><dialogue>
Done.
   </dialogue><nonSpeech>SPINNER.</nonSpeech><dialogue>
Done.
   </dialogue><nonSpeech>DIZZY.</nonSpeech><dialogue>
Damn your Sow and Pigs; I am so sick with the
Thoughts of running <comment type="compiler">SOURCE TEXT: rnning</comment> with 'em, that I shall
certainly faint -- </dialogue><nonSpeech> <font>Smells to a Bottle</font> </nonSpeech><dialogue> -- hugh, hugh --
<pagebreak id="37" />
   </dialogue><nonSpeech>DAFFODIL.</nonSpeech><dialogue>
Cousin <font>Dizzy</font> can't bear the Mention of Pork -- 
he hates it -- I knew it would work.
</dialogue><nonSpeech> <font>Aside to the rest.</font> </nonSpeech>
   <nonSpeech>DIZZY.</nonSpeech><dialogue>
I wish you had not mention'd it -- I can't stay
-- Damn your Sow and Pigs -- Here, Waiter, call
a Chair -- Damn your Sow and Pigs! -- hugh, hugh.
</dialogue><nonSpeech> <font>Exit</font> Dizzy.</nonSpeech>
   <nonSpeech>DAFFODIL.</nonSpeech><dialogue>
Poor <font>Dizzy</font> -- What a Passion he is in! -- Ha,
ha, ha.
   </dialogue><nonSpeech>Lord RACKET.</nonSpeech><dialogue>
The Woods are yours, <font>George</font> ; you may whet the
Axe -- <font>Dizzy</font> won't live a Month.
   </dialogue><nonSpeech>DAFFODIL.</nonSpeech><dialogue>
Pooh, this is nothing -- he was always weakly --
   </dialogue><nonSpeech>Sir WILLIAM.</nonSpeech><dialogue>
'Tis a Family Misfortune, <font>Daffodil</font> .

</dialogue><nonSpeech> <font>Enter</font> WAITER.</nonSpeech> 

   <nonSpeech>WAITER.</nonSpeech><dialogue>
Mr. <font>Dizzy</font> , Gentlemen, dropp'd down at the Stair
Foot, and the Cook has carried him behind the Bar.
   </dialogue><nonSpeech>DAFFODIL.</nonSpeech><dialogue>
Lay him upon a Bed, and he'll come to himself.
</dialogue><nonSpeech> <font>Exit</font> Waiter.</nonSpeech>
   <nonSpeech>Lord RACKET.</nonSpeech><dialogue>
I'll bet Fifty Pound, that he don't live till
Morning.
   </dialogue><nonSpeech>Sir WILLIAM.</nonSpeech><dialogue>
I'll lay Six to Four, he don't live a Week.
   </dialogue><nonSpeech>DAFFODIL.</nonSpeech><dialogue>
I'll take your Fifty Pound.
   </dialogue><nonSpeech>SPINNER.</nonSpeech><dialogue>
I'll take your Lordship again.
<pagebreak id="38" />  
   </dialogue><nonSpeech>Lord RACKET.</nonSpeech><dialogue>
Done, with you both.
   </dialogue><nonSpeech>Sir TAN-TIVY.</nonSpeech><dialogue>
I'll take it again.
   </dialogue><nonSpeech>Lord RACKET.</nonSpeech><dialogue>
Done, done, done; -- but I bar all Assistance to
him -- Not a Physician, or Surgeon sent for --
or I am off.
   </dialogue><nonSpeech>DAFFODIL.</nonSpeech><dialogue>
No, no; we are upon Honour -- There shall be
none, else it wou'd be a bubble Bet. -- There shall 
be none.
   </dialogue><nonSpeech>Sir WILLIAM.</nonSpeech><dialogue>
If I were my Lord, now, the Physicians should 
attend him. 

</dialogue><nonSpeech> <font>Enter</font> WAITER, <font>with a Letter.</font> </nonSpeech> 

   <nonSpeech>WAITER.</nonSpeech><dialogue>
A Letter for his Honour -- </dialogue><nonSpeech> <font>Gives it to</font> Daff.</nonSpeech>
<nonSpeech>Daffodil <font>reads it to himself.</font> </nonSpeech> 
   <nonSpeech>Sir WILLIAM.</nonSpeech><dialogue>
<font>Daffodil</font> , remember the First of <font>April</font> -- and let
the Women alone.
   </dialogue><nonSpeech>DAFFODIL.</nonSpeech><dialogue>
Upon my Soul you have hit it -- 'tis a Woman,
faith -- Something very particular, and if you are in
Spirits for a Scheme -- 
   </dialogue><nonSpeech>Lord RACKET.</nonSpeech><dialogue> 
Ay, ay; come, come; a Scheme, a Scheme!
   </dialogue><nonSpeech>DAFFODIL.</nonSpeech><dialogue>
There then, have among you.
</dialogue><nonSpeech> <font>Throws the Letter upon the Table.</font> </nonSpeech> 
   <nonSpeech>Lord RACKET.</nonSpeech>
<nonSpeech> <font>Reads, all looking on.</font> </nonSpeech><dialogue> Hum -- <comment type="compiler">LETTER OMITTED:
A SECRET ADMIRER ARRANGES A MEETING WITH DAFFODIL.</comment>
<pagebreak id="39" />
<comment type="compiler">REMAINDER OF LETTER OMITTED.</comment>
   </dialogue><nonSpeech>DAFFODIL.</nonSpeech><dialogue>
Will you go?
   </dialogue><nonSpeech>Lord RACKET.</nonSpeech><dialogue>
What do you propose?
   </dialogue><nonSpeech>DAFFODIL.</nonSpeech><dialogue>
To go -- If after I have been with her half an
Hour, you'll come upon us -- and have a Blow up.
   </dialogue><nonSpeech>Sir WILLIAM.</nonSpeech><dialogue>
There's a Gallant for you!
   </dialogue><nonSpeech>DAFFODIL.</nonSpeech><dialogue>
Prithee, Sir <font>William</font> , be quiet -- must a Man be in
Love with every Woman that invites him!
   </dialogue><nonSpeech>Sir WILLIAM.</nonSpeech><dialogue>
No; but he should be honourable to 'em, <font>George</font> --
and rather conceal a Woman's Weakness, than 
expose it -- I hate this Work -- so, I'll go to the 
Coffee-house. </dialogue><nonSpeech> <font>Exit Sir</font> William.</nonSpeech>  
   <nonSpeech>Lord RACKET.</nonSpeech><dialogue>
Let him go -- don't mind him, <font>George</font> ; he's
married, and past fifty -- this will be a fine Frolic --
Devilish high --
   </dialogue><nonSpeech>DAFFODIL.</nonSpeech><dialogue>
Very! -- Well, I'll go and prepare myself -- put on
my Surtout, and take my Chair to 
<font>Buckingham-Gate</font> -- I know the very Spot.
   </dialogue><nonSpeech>Lord RACKET.</nonSpeech><dialogue>
We'll come with <font>Flambeaux</font> -- you must be
surpris'd, and --
   </dialogue><nonSpeech>DAFFODIL.</nonSpeech><dialogue>
I know what to do -- Here, Waiter, Waiter;
<pagebreak id="40" />
</dialogue><nonSpeech> <font>Enter</font> WAITER.</nonSpeech><dialogue> 

How does Cousin <font>Dizzy</font> ?
   </dialogue><nonSpeech>WAITER.</nonSpeech><dialogue>
Quite recover'd, Sir; -- he is in the <font>Phoenix</font> , with
two Ladies, and has order'd a boil'd Chicken and
Jellies.
   </dialogue><nonSpeech>Lord RACKET.</nonSpeech><dialogue>
There's a Blood for you! -- without a Drop in his
Veins.
   </dialogue><nonSpeech>DAFFODIL.</nonSpeech><dialogue>
Do you stay with him, then, till I have secur'd
my Lady; and in Half and Hour from this Time
come away, and bring <font>Dizzy</font> with you.
   </dialogue><nonSpeech>Lord RACKET.</nonSpeech><dialogue>
If he'll leave the Ladies -- Don't the <font>Italian</font>
Marquis dine with us To-morrow?
   </dialogue><nonSpeech>DAFFODIL.</nonSpeech><dialogue>
Certainly.
   </dialogue><nonSpeech>Lord RACKET.</nonSpeech><dialogue>
Well, do you mind your Business -- and I'll speak
to the Cook to shew his Genius -- <foreign>Allons!</foreign> 
</dialogue><nonSpeech> <font>Exit</font> Daff.</nonSpeech>  
   <nonSpeech>Lord RACKET.</nonSpeech><dialogue>
<font>Tom</font> , bid the Cook attend me To-morrow  
Morning, on special Affairs -- </dialogue><nonSpeech> <font>Exit Lord</font> Racket, <font>&amp;c.</font> </nonSpeech> 
   <nonSpeech>2d WAITER.</nonSpeech><dialogue>
I shall, my Lord.
   </dialogue><nonSpeech>1st WAITER.</nonSpeech><dialogue>
I'll lay you, <font>Tom</font> , Five Six-pences to Three, that
my Lord wins his Bett with his Honour <font>Daffodil</font> .
   </dialogue><nonSpeech>2d WAITER.</nonSpeech><dialogue>
Done with you <font>Harry</font> -- I'll take your Half Crown
to Eighteen-pence -- </dialogue><nonSpeech> <font>Bell rings within.</font> </nonSpeech>
   <nonSpeech>1st WAITER.</nonSpeech><dialogue>
Coming, Sir; -- I'll make it Shillings, <font>Tom</font> .
<pagebreak id="41" />
   </dialogue><nonSpeech>2d WAITER.</nonSpeech><dialogue>
No, <font>Harry</font> , you've the best on't. </dialogue><nonSpeech> <font>Bell rings.</font> </nonSpeech><dialogue>
Coming, Sir. I'll take Five Shillings to Two. </dialogue><nonSpeech> <font>Bell
rings</font> </nonSpeech><dialogue> Coming, Sir. --
   </dialogue><nonSpeech>1st WAITER.</nonSpeech><dialogue>
Coming, Sir. -- No, Five to Three.
   </dialogue><nonSpeech>2d WAITER.</nonSpeech><dialogue>
Shillings? -- Coming, Sir.
   </dialogue><nonSpeech>1st WAITER.</nonSpeech><dialogue>
No -- Sixpences --
   </dialogue><nonSpeech>2d WAITER.</nonSpeech><dialogue>
Done -- Sixpences. </dialogue><nonSpeech> <font>Bell rings.</font> </nonSpeech><dialogue> Here, Sir.
   </dialogue><nonSpeech>1st WAITER.</nonSpeech><dialogue>
And done. </dialogue><nonSpeech> <font>Bell rings.</font> </nonSpeech><dialogue> Coming, Sir. </dialogue><nonSpeech> <font> <foreign>Exeunt.</foreign> </font> </nonSpeech>

<nonSpeech> <font>Enter</font> ARABELLA, <font>Mrs.</font> DAMPLY, <font>Lady</font> FAN.
PEWIT, <font>Mrs.</font> DOTTEREL, TUKELY <font>in Womens 
Cloaths, and</font> SOPHIA <font>in Mens</font> .</nonSpeech>
   <nonSpeech> <font>Ladies</font> ALL.</nonSpeech><dialogue>
Ha, ha, ha.
   </dialogue><nonSpeech>ARABELLA.</nonSpeech><dialogue>
What a Figure! And what a Scheme.
   </dialogue><nonSpeech>TUKELY.</nonSpeech><dialogue>
Dear Ladies, be as merry with my Figure as you
please -- Yet you shall see, this Figure, awkward
as it is, shall be preferr'd in its Turn, as well as you
have been.
   </dialogue><nonSpeech>SOPHIA.</nonSpeech><dialogue>
Why will you give yourself this unnecessary
Trouble, Mr. <font>Tukely</font> , to convince these Ladies, who
had rather still be deluded, and will hate your
Friendship for breaking the Charm.
   </dialogue><nonSpeech>ARABELLA.</nonSpeech><dialogue>
My dear Cousin, tho' you are satisfied, these
Ladies are not; and if they have their particular
Reasons for their Infidelity; pray, let 'em enjoy it, 'till
they have other Proofs than your Prejudices.
<pagebreak id="42" />
   </dialogue><nonSpeech>SOPHIA.</nonSpeech><dialogue>
Ay, <font>Bell</font> , we have all our Prejudices.
   </dialogue><nonSpeech>TUKELY.</nonSpeech><dialogue>
What signifies reasoning, when we are going
upon the Experiment? Dispose of yourselves behind
those Trees, and I will repair to the Place of
Appointment, and draw him hither; but you promise
to contain yourselves, let what will happen. Hear,
and see; but be silent. -- </dialogue><nonSpeech> <font>Exit</font> TUKELY.</nonSpeech>
   <nonSpeech>SOPHIA.</nonSpeech><dialogue>
A severe Injunction, indeed, Ladies -- But I must
to my Post. </dialogue><nonSpeech> <font>Exit.</font> SOP.</nonSpeech>
   <nonSpeech> <font>Widow</font> DAMPLY.</nonSpeech><dialogue>
If he's a Villain, I can never hold!
   </dialogue><nonSpeech> <font>Lady</font> PEWIT.</nonSpeech><dialogue>
I shall tear his Eyes out.
   </dialogue><nonSpeech> <font>Mrs.</font> DOTTEREL.</nonSpeech><dialogue>
For my Part, if I was unmarried, I should not
think him worth my Anger.
   </dialogue><nonSpeech>ARABELLA.</nonSpeech><dialogue>
But as you are, Madam --
   </dialogue><nonSpeech> <font>Mrs.</font> DOTTEREL.</nonSpeech><dialogue>
I understand your Insinuations, Miss <font>Bell</font> ; but my
Character and Conduct need no Justification.
   </dialogue><nonSpeech>ARABELLA.</nonSpeech><dialogue>
I beg Pardon, Madam; I intended no Offence. --
But haste to your Posts, Ladies; the Enemy's at
Hand. </dialogue><nonSpeech> <font>They retire behind the Trees.</font> </nonSpeech>

<nonSpeech> <font>Enter</font> TUKELY <font>and</font> DAFFODIL.</nonSpeech>

   <nonSpeech>TUKELY.</nonSpeech>
<nonSpeech> <font>In a Woman's Voice.</font> </nonSpeech><dialogue> For Heaven's Sake, let us
be cautious -- I am sure I heard a Noise.
<pagebreak id="43" />
   </dialogue><nonSpeech>DAFFODIL.</nonSpeech><dialogue>
'Twas nothing but your Fear, my Angel! --
don't be alarm'd -- There can be no Danger,
while we have Love and Darkness to befriend us.
   </dialogue><nonSpeech>TUKELY.</nonSpeech><dialogue>
Bless me, how my Heart beats!
   </dialogue><nonSpeech>DAFFODIL.</nonSpeech><dialogue>
Poor Soul! what a Fright it is in! -- You must
not give Way to these Alarms -- Were you as
well convinc'd of my Honour, as I am of your
Charms, you wou'd have nothing to fear --
</dialogue><nonSpeech> <font>Squeezes her Hand.</font> </nonSpeech>
   <nonSpeech>ARABELLA.</nonSpeech><dialogue>
Upon my Word! -- </dialogue><nonSpeech> <font>Aside.</font> </nonSpeech>
   <nonSpeech> <font>Widow</font> DAMPLY.</nonSpeech><dialogue>
So, so, so. </dialogue><nonSpeech> <font>Aside.</font> </nonSpeech>
   <nonSpeech>TUKELY.</nonSpeech><dialogue>
Hold, Sir, you must take no Liberties -- But,
if you have the least Feeling for an unhappy
Woman, urg'd by her Passion to this imprudent Step,
assist me -- forgive me -- let me go.
   </dialogue><nonSpeech>DAFFODIL.</nonSpeech><dialogue>
Can you doubt my Honour? Can you doubt my
Love? What Assurances can I give you to abate
your Fears?
   </dialogue><nonSpeech> <font>Mrs.</font> DOTTEREL.</nonSpeech><dialogue>
Very slender Ones, I can assure her. </dialogue><nonSpeech> <font>Aside.</font> </nonSpeech>
   <nonSpeech>TUKELY.</nonSpeech><dialogue>
I deserve to suffer all I feel  -- For what, but
the most blinded Passion, cou'd induce me to declare
myself to one, whose Amours and Infidelities are
the common Topic of Conversation.
   </dialogue><nonSpeech>DAFFODIL.</nonSpeech><dialogue>
Flattering Creature! </dialogue><nonSpeech> <font>Aside.</font> </nonSpeech><dialogue> -- May I never
know your dear Name, see your charming Face,
touch your soft Hand, or hear your sweet Voice,
if I am not more sincere in my Affection for this
little Finger, than for all the Sex besides.
</dialogue><nonSpeech> <font>The Ladies seem astonish'd.</font> </nonSpeech>
<pagebreak id="44" />
   <nonSpeech>TUKELY.</nonSpeech><dialogue>
Except the Widow <font>Damply</font> --
   </dialogue><nonSpeech>DAFFODIL.</nonSpeech><dialogue>
She! -- Do you know her, Madam;
   </dialogue><nonSpeech>TUKELY.</nonSpeech><dialogue>
I have not that Honour --
   </dialogue><nonSpeech>DAFFODIL.</nonSpeech><dialogue>
I thought so -- Did you never see her, Madam, 
nodling and gogling in her Old-fashion'd heavy Chariot,
drawn by a pair of lean hackney Horses, with a fat
Blackamoor Footman behind, in a scanty Livery,
Red greasy Stockings, and a dirty Turban?
</dialogue><nonSpeech> <font>The Widow seems disorder'd.</font> </nonSpeech>
   <nonSpeech>TUKELY.</nonSpeech><dialogue>
All which may be only a Foil to her Beauty.
</dialogue><nonSpeech> <font>Sighs.</font> </nonSpeech>
   <nonSpeech>DAFFODIL.</nonSpeech><dialogue>
Beauty! Don't sigh, Madam; she is past Forty,
wears a Wig, and has lost two of her fore Teeth.
-- And then, she has so long a Beard upon her
upper Lip, and takes so much <font>Spanish</font> Snuff, that
she looks, for all the World, like the <font>Great Mogul</font>
in Petticoats; ha, ha, --
   </dialogue><nonSpeech>Widow DAMPLY.</nonSpeech><dialogue>
What Falshood and Ingratitude! </dialogue><nonSpeech> <font>Aside.</font> </nonSpeech>
   <nonSpeech>TUKELY.</nonSpeech><dialogue>
Cou'd I descend to the Slander of the Town,
there is a married Lady --
   </dialogue><nonSpeech>DAFFODIL.</nonSpeech><dialogue>
Poor Mrs. <font>Dotterel</font> , you mean --
   </dialogue><nonSpeech>Mrs. DOTTEREL.</nonSpeech><dialogue>
Why am I to be mentioned! -- I have nothing
to do --
   </dialogue><nonSpeech>Widow DAMPLY.</nonSpeech><dialogue>
Nay, nay; you must have your share of the
Panegyrick.
<pagebreak id="45" />
   </dialogue><nonSpeech>TUKELY.</nonSpeech><dialogue>
She is young, and has Wit.
   </dialogue><nonSpeech>DAFFODIL.</nonSpeech><dialogue>
She's an Ideot, Madam; and as Fools are
generally loving, she has forgot all her Obligations to 
old Mr. <font>Dotterel</font> , who married her without a
Petticoat; and now seizes upon every young Fellow she
can lay her Hands upon; she has spoil'd me three
Suits of Cloaths, with tearing the Flaps and Sleeves.
-- Ha, ha, ha.
   </dialogue><nonSpeech>Mrs. DOTTEREL.</nonSpeech><dialogue>
Monster of Iniquity! --
   </dialogue><nonSpeech>DAFFODIL.</nonSpeech><dialogue>
She has even storm'd me in my own House; but
with all my Faults, Madam, you'll never find me
over-fond of Age, or Ignorance.
   </dialogue><nonSpeech>Widow DAMPLY.</nonSpeech><dialogue>
cou'd tear him to Pieces. --
   </dialogue><nonSpeech>Mrs. DOTTEREL.</nonSpeech><dialogue>
I will tear him to Pieces.
   </dialogue><nonSpeech>ARABELLA.</nonSpeech><dialogue>
Be quiet -- and we'll all tear him to Pieces.
   </dialogue><nonSpeech>TUKELY.</nonSpeech><dialogue>
He has swallow'd the Hook, and can't escape.
</dialogue><nonSpeech> <font>Aside.</font> </nonSpeech>
   <nonSpeech>DAFFODIL.</nonSpeech><dialogue>
What do you say, Madam?
   </dialogue><nonSpeech>TUKELY.</nonSpeech><dialogue>
I am only sighing, Sir.
   </dialogue><nonSpeech>DAFFODIL.</nonSpeech><dialogue>
Fond Creature! </dialogue><nonSpeech> <font>Aside.</font> </nonSpeech><dialogue> I know there are a 
thousand Stories about me: You have heard too of
Lady <font>Fanny Pewit</font> , I suppose? Don't be alarm'd.
   </dialogue><nonSpeech>TUKELY.</nonSpeech><dialogue>
I can't help it, Sir. She is a fine Woman, and
a Woman of Quality.
<pagebreak id="46" />
   </dialogue><nonSpeech>DAFFODIL.</nonSpeech><dialogue>
A fine Woman, perhaps, for a Woman of
Quality -- but she is an absolute old Maid, Madam, 
almost as thick as she is long -- middle-aged, homely
and wanton! That's her Character.
   </dialogue><nonSpeech>Lady PEWIT.</nonSpeech><dialogue>
Then there is no Sincerity in Man. </dialogue><nonSpeech> <font>Going.</font> </nonSpeech>
   <nonSpeech>ARABELLA.</nonSpeech><dialogue> 
Positively, you shan't stir.
   </dialogue><nonSpeech>DAFFODIL.</nonSpeech><dialogue>
Upon my Soul, I pity the poor Creature! --
She is now upon her last Legs. -- If she does not
run away with some foolish Gentleman this
Winter -- She'll return into the Country, and marry
her Footman. -- Ha, ha, ha.
   </dialogue><nonSpeech>Lady PEWIT.</nonSpeech><dialogue>
My Footman shall break his Bones, I can tell
him that.
   </dialogue><nonSpeech>DAFFODIL.</nonSpeech><dialogue>
Hush, Madam! I protest, I thought I heard a 
Voice -- I wonder they don't come. </dialogue><nonSpeech> <font>Aside.</font> </nonSpeech>
   <nonSpeech>TUKELY.</nonSpeech><dialogue>
'Twas only I, Mr. <font>Daffodil</font> -- I was murmuring to
you. </dialogue><nonSpeech> <font>Sighs.</font> </nonSpeech>
   <nonSpeech>DAFFODIL.</nonSpeech><dialogue>
Pretty Murmurer! -- Egad, if they don't
come soon, the Lady will grow fond. </dialogue><nonSpeech> <font>Aside.</font> </nonSpeech>
   <nonSpeech>TUKELY.</nonSpeech><dialogue>
But among your Conquests, Mr. <font>Daffodil</font> , you
forget Miss <font>Sophy Sprightly</font> .
   </dialogue><nonSpeech>DAFFODIL.</nonSpeech><dialogue>
And her Cousin <font>Arabella</font> . -- I was coming to
'em; poor, silly, good-natur'd, loving Fools; --
I made my Addresses to one thro' Pique, and the
other for Pity -- That was all.
<pagebreak id="47" />
   </dialogue><nonSpeech>TUKELY.</nonSpeech><dialogue>
O, that I could believe you.
   </dialogue><nonSpeech>DAFFODIL.</nonSpeech><dialogue>
Don't be uneasy, I'll tell you how it was,
Madam -- You must know, there is a silly, self-sufficient
Fellow, one <font>Tukely</font> --
   </dialogue><nonSpeech>TUKELY.</nonSpeech><dialogue>
So, so, </dialogue><nonSpeech> <font>Aside.</font> </nonSpeech><dialogue> I know him a little.
   </dialogue><nonSpeech>DAFFODIL.</nonSpeech><dialogue>
I am sorry for it -- The less you know of him
the better; the Fellow pretended to look fierce at
me, for which I resolv'd to have his Mistress: So
I threw in my Line, and without much Trouble,
hook'd her. Her poor Cousin too, nibbled at the
Bait, and was caught. -- So I have had my
Revenge upon <font>Tukely</font> , and now I shall willingly resign
poor <font>Sophy</font> , and throw him in her Cousin, for a 
Make-Weight. -- Ha, ha, ha!
   </dialogue><nonSpeech>Lady PEWIT.</nonSpeech><dialogue>
This is some Comfort at least.
   </dialogue><nonSpeech>ARABELLA.</nonSpeech><dialogue>
Your Ladyship is better than you was.
</dialogue><nonSpeech> <font>Noise without.</font> </nonSpeech>
   <nonSpeech>TUKELY.</nonSpeech><dialogue>
I vow I hear a Noise. -- What shall we do? It
comes this Way.
   </dialogue><nonSpeech>DAFFODIL.</nonSpeech><dialogue>
They can't see us, my Dear. -- I wish my Friends
would come. </dialogue><nonSpeech> <font>Aside.</font> </nonSpeech><dialogue> Don't whisper or breath.

</dialogue><nonSpeech> <font>Enter</font> SOPHIA, <font>in a Surtout, and slouch'd Hat.</font> </nonSpeech>

   <nonSpeech>SOPHIA.</nonSpeech><dialogue>
If I cou'd but catch her at her Pranks -- she
certainly must be this Way -- for the Chair is
<pagebreak id="48" />
waiting at the End of <font>Rosamond's</font> Pond -- I have
thrown one of her Chairmen into it -- and if I
cou'd but catch her --
   </dialogue><nonSpeech>TUKELY.</nonSpeech><dialogue>
O, Sir! My Passion has undone me -- I am
discover'd; it is my Husband, Sir <font>George</font> , and he is
looking for me --
   </dialogue><nonSpeech>DAFFODIL.</nonSpeech><dialogue>
The Devil it is! Why then, Madam, the best
Way will be for you to go to him -- and let me
sneak off the other Way.
   </dialogue><nonSpeech>TUKELY.</nonSpeech><dialogue>
Go to him, Sir! What can I say to him?
   </dialogue><nonSpeech>DAFFODIL.</nonSpeech><dialogue>
Any Thing, Madam -- say you had the Vapours, 
and wanted Air.
   </dialogue><nonSpeech>TUKELY.</nonSpeech><dialogue>
Lord, Sir! -- he is the most passionate of
Mortals; and  I am afraid is in Liquor too -- and then he 
is mad.
   </dialogue><nonSpeech>SOPHIA.</nonSpeech><dialogue>
If I cou'd but catch her -- </dialogue><nonSpeech> <font>Looking about.</font> </nonSpeech>
   <nonSpeech>DAFFODIL.</nonSpeech><dialogue>
For your Sake, Madam, I'll make the best of my 
Way Home -- </dialogue><nonSpeech> <font>Going.</font> </nonSpeech>
   <nonSpeech>TUKELY.</nonSpeech><dialogue>
What! wou'd you leave me to the Fury of an
enrag'd Husband! -- Is that your Affection.
</dialogue><nonSpeech> <font>Holds him.</font> </nonSpeech>
   <nonSpeech>SOPHIA.</nonSpeech><dialogue>
If I cou'd but catch her -- Ha! what's that? I saw
something move in the Dark -- the Point of my
Sword shall tickle it out, whatever it is.
</dialogue><nonSpeech> <font>Draws, and goes towards 'em.</font> </nonSpeech>
<pagebreak id="49" />
   <nonSpeech>TUKELY.</nonSpeech><dialogue>
For Heaven's Sake draw, and fight him, while I
make my Escape.
   </dialogue><nonSpeech>DAFFODIL.</nonSpeech><dialogue>
Fight him! -- 'twou'd be cowardly to fight in
the Dark, and with a drunken Man -- I'll call the 
Sentery.
   </dialogue><nonSpeech>TUKELY.</nonSpeech><dialogue>
And expose us to the World?
   </dialogue><nonSpeech>DAFFODIL.</nonSpeech><dialogue>
I wou'd to Heav'n we were </dialogue><nonSpeech> <font>Aside.</font> </nonSpeech><dialogue> -- </dialogue><nonSpeech> <font>He comes 
forward.</font> </nonSpeech><dialogue> Let me go, Madam, you pinch me to the Bone.
   </dialogue><nonSpeech>TUKELY.</nonSpeech><dialogue>
He won't know us -- I have my Masque on.
   </dialogue><nonSpeech>LADIES.</nonSpeech><dialogue>
Ha! ha! ha!
   </dialogue><nonSpeech>SOPHIA.</nonSpeech><dialogue>
What, is the Devil and his Imps playing at
Blindman's Buff? -- Ay, ay, here he is, indeed -- Satan
himself, dress'd like a fine Gentleman -- Come, Mr.
Devil, out with your Pitch-fork, and let us take a
Thrust or two.
   </dialogue><nonSpeech> <font>Daffodil.</font> </nonSpeech><dialogue> You mistake me, Sir, I am not the Person --
indeed, I am not -- I know nothing of your Wife,
Sir <font>George</font> -- and if you know how little I care for
the whole Sex, you wou'd not be so furious with an
innocent Man.
   </dialogue><nonSpeech>SOPHIA.</nonSpeech><dialogue>
Who are you then? -- And what are you doing
with that Blackamoor Lady there -- dancing a
Saraband with a Pair of Castanets? Speak, Sir!
   </dialogue><nonSpeech>DAFFODIL.</nonSpeech><dialogue>
Pray forbear, Sir; here's Company coming that
will satisfie you in every Thing -- Hallo, hallo --
<pagebreak id="50" />
Here, here, here; </dialogue><nonSpeech> <font>Hallo's faintly</font> </nonSpeech><dialogue> my Lord, my
my Lord -- <font>Spinner</font> , <font>Dizzy</font> -- Hallo!

</dialogue><nonSpeech> <font>Enter Lord</font> RACKET, <font>Sir</font> TAN-TIVY, SPINNER,
<font>and</font> DIZZY, <font>with Torches.</font> </nonSpeech>

   <nonSpeech>Lord RACKET.</nonSpeech><dialogue>
What's the Matter here? -- Who calls for Help?
   </dialogue><nonSpeech>DAFFODIL.</nonSpeech>
<nonSpeech> <font>Running to 'em with his Sword drawn</font> </nonSpeech><dialogue> O, my
Friends, I have been wishing for you this half Hour.
I have been set upon by a dozen Fellows -- They
have all made their Escape, but this -- My Arm is
quite dead -- I have been at Cart and Tierce with
'em all, for near a Quarter of an Hour.
   </dialogue><nonSpeech>SOPHIA.</nonSpeech><dialogue>
In Buckram, my Lord! -- He was got with my
Property here, and I wou'd have chastis'd him for
it, if your Coming had not prevented it.
   </dialogue><nonSpeech>DAFFODIL.</nonSpeech><dialogue>
Let us throw the Rascal into <font>Rosamond's</font> Pond.
   </dialogue><nonSpeech>Lord RACKET.</nonSpeech><dialogue>
Come Sir, can you swim?
</dialogue><nonSpeech> <font>All going up.</font> TUKELY <font>snatches</font> SOPHIA'S 
<font>Sword, and she runs behind him.</font> </nonSpeech>
   <nonSpeech>TUKELY.</nonSpeech><dialogue>
I'll defend you, my Dear -- What, wou'd you
murder a Man, and lie with his Wife too? -- Oh!
you are a wicked Gentleman, Mr. <font>Daffodil.</font>
</dialogue><nonSpeech> <font>Attacks</font> DAFF.</nonSpeech>
   <nonSpeech>DAFFODIL.</nonSpeech><dialogue>
Why, the Devil's in the Woman, I think.
</dialogue><nonSpeech> <font>All the Ladies advance from behind.</font> </nonSpeech>
   <nonSpeech>LADIES.</nonSpeech><dialogue>
Ha, ha, ha! your humble Servant, Mr. <font>Daffodil</font> --
Ha, ha, ha. </dialogue><nonSpeech> <font>Courtsying.</font> </nonSpeech>
<pagebreak id="51" />
   <nonSpeech>DAFFODIL.</nonSpeech><dialogue>
This is all Enchantment!
   </dialogue><nonSpeech>Lady PEWIT.</nonSpeech><dialogue>
No, Sir, the Enchantment is broke -- and the
old Maid, Sir, homely and wanton, before she
retires into the Country, has the Satisfaction of
knowing that the agreeable Mr. <font>Daffodil</font> is a much
more contemptible Mortal, than the Footman which
his Goodness has been pleas'd to marry her to.
   </dialogue><nonSpeech>LADIES.</nonSpeech><dialogue>
Ha, ha, ha.
   </dialogue><nonSpeech>Widow DAMPLY.</nonSpeech><dialogue>
Wou'd Mr. <font>Daffodil</font> please to have a Pinch of
<font>Spanish</font> Snuff, out of the <font>Great Mogul's</font> Box? 'Tis
the best Thing in the World for low Spirits.
</dialogue><nonSpeech> <font>Offers her Box.</font> </nonSpeech>
   <nonSpeech>LADIES.</nonSpeech><dialogue>
Ha, ha, ha.
   </dialogue><nonSpeech>Mrs. DOTTEREL.</nonSpeech><dialogue>
If a Fool may not be permitted to speak, Mr.
<font>Daffodil</font> , let her at least be permitted to laugh at so
fine a Gentleman -- Ha, ha, ha.
   </dialogue><nonSpeech>ARABELLA.</nonSpeech><dialogue>
Were you as sensible of Shame, as you are of Fear,
the Sight of me, whom you lov'd for Pity, wou'd
be Revenge sufficient -- But I can forgive your
Baseness to me, much easier than I can myself, for my
Behaviour to this happy Couple.
   </dialogue><nonSpeech>DAFFODIL.</nonSpeech><dialogue>
Who the Devil are they?
   </dialogue><nonSpeech> <font>Arabella.</font> </nonSpeech><dialogue> The Marquis and Marchioness of <font>Macaroni</font> ,
Ladies -- Ha ha.
   </dialogue><nonSpeech>SOPHIA.</nonSpeech><dialogue>
Ha! <foreign>Mio Carrissimo Amico</foreign> , il Signior <font>Daffodillo</font> !
   </dialogue><nonSpeech>DAFFODIL.</nonSpeech><dialogue>
How! <font>Tukely</font> and <font>Sophia</font> ! -- If I don't wake soon,
I shall wish never to wake again.
   </dialogue><nonSpeech>SOPHIA.</nonSpeech><dialogue>
Who bids fairest now for <font>Rosamond's</font> Pond?
<pagebreak id="52" />
   </dialogue><nonSpeech>Lord RACKET.</nonSpeech><dialogue>
What, in the Name of Wonder, is all this
Business? I don't understand it.
   </dialogue><nonSpeech>DIZZY.</nonSpeech><dialogue>
Nor I neither; but 'tis very drole, faith.
   </dialogue><nonSpeech>TUKELY.</nonSpeech><dialogue>
The Mystery will clear in a Moment.
   </dialogue><nonSpeech>DAFFODIL.</nonSpeech><dialogue>
Don't give yourself any Trouble, Mr. <font>Tukely</font> ,
Things are pretty clear as they are -- The Night's
cool, and my Cousin <font>Dizzy</font> , here, is an Invalid --
If you please, another Time, when there is less
Company, </dialogue><nonSpeech> <font>Ladies laugh.</font> </nonSpeech><dialogue> -- The Ladies are pleas'd to be
merry, and you are pleas'd to be a little angry; and
so, for the Sake of Tranquility -- I'll go to the Opera.
</dialogue><nonSpeech>DAFF. <font>sneaking out by Degrees.</font> </nonSpeech>
   <nonSpeech>Lord RACKET.</nonSpeech><dialogue>
This is a fine blow-up, indeed! Ladies, your
humble Servant -- Hallo! <font>Daffodil</font> .
</dialogue><nonSpeech> <font>Exit Lord</font> RACK.</nonSpeech>
   <nonSpeech>DIZZY.</nonSpeech><dialogue>
I'll lay you a Hundred, that my Cousin never
intrigues again -- <font>George! George!</font> Don't run -- hugh,
hugh -- </dialogue><nonSpeech> <font>Exit</font> DIZ.</nonSpeech>
   <nonSpeech>TUKELY.</nonSpeech><dialogue>
As my Satisfaction is compleat, I have none to ask
of Mr. <font>Daffodil</font> . I forgive his Behaviour to me, as it
has hasten'd and confirm'd my Happiness here; </dialogue><nonSpeech> <font>to</font>
Sophia.</nonSpeech><dialogue> -- But as a Friend to you, Ladies, I shall insist
upon his making you ample Satisfaction -- However,
this Benefit will arise, that you will hereafter equally
detest and shun these Destroyers of your
Reputation --
<comment type="compiler">FOUR-LINE VERSE OMITTED.</comment>
</dialogue> <head> <foreign>FINIS.</foreign> </head> 




  </dialogueText>
</dialogueDoc>